time,arb_id,data_hex,alert_type,detail
1772062232.5460863,0x100,0a00000000000000,,
1772062232.5462134,0x200,0001020304050607,,
1772062232.5462427,0x300,0101010101010101,,
1772062232.597022,0x100,0a00000000000000,,
1772062232.647136,0x100,0a00000000000000,,
1772062232.6472092,0x200,0001020304050607,,
1772062232.6974783,0x100,0a00000000000000,,
1772062232.7472255,0x200,0001020304050607,,
1772062232.747303,0x300,0101010101010101,,
1772062232.7487702,0x100,0a00000000000000,,
1772062232.800276,0x100,0a00000000000000,,
1772062232.8476765,0x200,0001020304050607,,
1772062232.8508315,0x100,0a00000000000000,,
1772062232.902194,0x100,0a00000000000000,,
1772062232.947919,0x200,0001020304050607,,
1772062232.9479923,0x300,0101010101010101,,
1772062232.9539046,0x100,0a00000000000000,,
1772062233.004522,0x100,0a00000000000000,,
1772062233.0485752,0x200,0001020304050607,,
1772062233.0549517,0x100,0a00000000000000,,
1772062233.1052248,0x100,0a00000000000000,,
1772062233.1487856,0x200,0001020304050607,,
1772062233.148854,0x300,0101010101010101,,
1772062233.1561074,0x100,0a00000000000000,,
1772062233.2071104,0x100,0a00000000000000,,
1772062233.2493553,0x200,0001020304050607,,
1772062233.2585716,0x100,0a00000000000000,,
1772062233.3096888,0x100,0a00000000000000,,
1772062233.350011,0x200,0001020304050607,,
1772062233.3500657,0x300,0101010101010101,,
1772062233.3610055,0x100,0a00000000000000,,
1772062233.4119182,0x100,0a00000000000000,,
1772062233.4511857,0x200,0001020304050607,,
1772062233.4618905,0x100,0a00000000000000,,
1772062233.5131128,0x100,0a00000000000000,,
1772062233.550145,0x300,0101010101010101,,
1772062233.5515974,0x200,0001020304050607,,
1772062233.5642803,0x100,0a00000000000000,,
1772062233.6155956,0x100,0a00000000000000,,
1772062233.6531184,0x200,0001020304050607,,
1772062233.6657453,0x100,0a00000000000000,,
1772062233.7159152,0x100,0a00000000000000,,
1772062233.7509472,0x300,0101010101010101,,
1772062233.7539446,0x200,0001020304050607,,
1772062233.7664506,0x100,0a00000000000000,,
1772062233.8180683,0x100,0a00000000000000,,
1772062233.8549407,0x200,0001020304050607,,
1772062233.8691556,0x100,0a00000000000000,,
1772062233.9210198,0x100,0a00000000000000,,
1772062233.9521036,0x300,0101010101010101,,
1772062233.9552896,0x200,0001020304050607,,
1772062233.9724364,0x100,0a00000000000000,,
1772062234.0235198,0x100,0a00000000000000,,
1772062234.0563726,0x200,0001020304050607,,
1772062234.0735533,0x100,0a00000000000000,,
1772062234.1243007,0x100,0a00000000000000,,
1772062234.1523476,0x300,0101010101010101,,
1772062234.1571465,0x200,0001020304050607,,
1772062234.1743007,0x100,0a00000000000000,,
1772062234.2258017,0x100,0a00000000000000,,
1772062234.2586415,0x200,0001020304050607,,
1772062234.2759092,0x100,0a00000000000000,,
1772062234.3270283,0x100,0a00000000000000,,
1772062234.3535452,0x300,0101010101010101,,
1772062234.359925,0x200,0001020304050607,,
1772062234.3770373,0x100,0a00000000000000,,
1772062234.4284549,0x100,0a00000000000000,,
1772062234.4613817,0x200,0001020304050607,,
1772062234.4799511,0x100,0a00000000000000,,
1772062234.5300617,0x100,0a00000000000000,,
1772062234.5549068,0x300,0101010101010101,,
1772062234.5613356,0x200,0001020304050607,,
1772062234.5814419,0x100,0a00000000000000,,
1772062234.6325371,0x100,0a00000000000000,,
1772062234.6615992,0x200,0001020304050607,,
1772062234.6830795,0x100,0a00000000000000,,
1772062234.734155,0x100,0a00000000000000,,
1772062234.7557285,0x300,0101010101010101,,
1772062234.7620034,0x200,0001020304050607,,
1772062234.785276,0x100,0a00000000000000,,
1772062234.8357284,0x100,0a00000000000000,,
1772062234.8634703,0x200,0001020304050607,,
1772062234.8866482,0x100,0a00000000000000,,
1772062234.9376745,0x100,0a00000000000000,,
1772062234.956195,0x300,0101010101010101,,
1772062234.9638824,0x200,0001020304050607,,
1772062234.9886906,0x100,0a00000000000000,,
1772062235.0401525,0x100,0a00000000000000,,
1772062235.064886,0x200,0001020304050607,,
1772062235.0913498,0x100,0a00000000000000,,
1772062235.1427763,0x100,0a00000000000000,,
1772062235.1566203,0x300,0101010101010101,,
1772062235.166282,0x200,0001020304050607,,
1772062235.194226,0x100,0a00000000000000,,
1772062235.2457602,0x100,0a00000000000000,,
1772062235.267613,0x200,0001020304050607,,
1772062235.2972612,0x100,0a00000000000000,,
1772062235.3486495,0x100,0a00000000000000,,
1772062235.3580322,0x300,0101010101010101,,
1772062235.3689554,0x200,0001020304050607,,
1772062235.3988328,0x100,0a00000000000000,,
1772062235.4503164,0x100,0a00000000000000,,
1772062235.470405,0x200,0001020304050607,,
1772062235.5012836,0x100,0a00000000000000,,
1772062235.5519667,0x100,0a00000000000000,,
1772062235.5580375,0x300,0101010101010101,,
1772062235.570701,0x200,0001020304050607,,
1772062235.6032364,0x100,0a00000000000000,,
1772062235.6544986,0x100,0a00000000000000,,
1772062235.671503,0x200,0001020304050607,,
1772062235.7060347,0x100,0a00000000000000,,
1772062235.757078,0x100,0a00000000000000,,
1772062235.7588394,0x300,0101010101010101,,
1772062235.7718203,0x200,0001020304050607,,
1772062235.807227,0x100,0a00000000000000,,
1772062235.8587217,0x100,0a00000000000000,,
1772062235.8726811,0x200,0001020304050607,,
1772062235.9098885,0x100,0a00000000000000,,
1772062235.9590952,0x300,0101010101010101,,
1772062235.960791,0x100,0a00000000000000,,
1772062235.9730988,0x200,0001020304050607,,
1772062236.011225,0x100,0a00000000000000,,
1772062236.0624316,0x100,0a00000000000000,,
1772062236.0732465,0x200,0001020304050607,,
1772062236.1134791,0x100,0a00000000000000,,
1772062236.1598415,0x300,0101010101010101,,
1772062236.1646261,0x100,0a00000000000000,,
1772062236.17383,0x200,0001020304050607,,
1772062236.215481,0x100,0a00000000000000,,
1772062236.2662458,0x100,0a00000000000000,,
1772062236.2741513,0x200,0001020304050607,,
1772062236.3176875,0x100,0a00000000000000,,
1772062236.3608708,0x300,0101010101010101,,
1772062236.3684206,0x100,0a00000000000000,,
1772062236.3745332,0x200,0001020304050607,,
1772062236.4194083,0x100,0a00000000000000,,
1772062236.470745,0x100,0a00000000000000,,
1772062236.4753268,0x200,0001020304050607,,
1772062236.5217793,0x100,0a00000000000000,,
1772062236.5617087,0x300,0101010101010101,,
1772062236.572473,0x100,0a00000000000000,,
1772062236.5754967,0x200,0001020304050607,,
1772062236.623873,0x100,0a00000000000000,,
1772062236.6740913,0x100,0a00000000000000,,
1772062236.675685,0x200,0001020304050607,,
1772062236.7254539,0x100,0a00000000000000,,
1772062236.7626472,0x300,0101010101010101,,
1772062236.7764952,0x100,0a00000000000000,,
1772062236.7765589,0x200,0001020304050607,,
1772062236.827674,0x100,0a00000000000000,,
1772062236.8777008,0x200,0001020304050607,,
1772062236.8793151,0x100,0a00000000000000,,
1772062236.9304364,0x100,0a00000000000000,,
1772062236.962814,0x300,0101010101010101,,
1772062236.9782102,0x200,0001020304050607,,
1772062236.9814441,0x100,0a00000000000000,,
1772062237.032685,0x100,0a00000000000000,,
1772062237.078956,0x200,0001020304050607,,
1772062237.0835397,0x100,0a00000000000000,,
1772062237.1345847,0x100,0a00000000000000,,
1772062237.1638405,0x300,0101010101010101,,
1772062237.1793792,0x200,0001020304050607,,
1772062237.1858637,0x100,0a00000000000000,,
1772062237.23734,0x100,0a00000000000000,,
1772062237.2804294,0x200,0001020304050607,,
1772062237.2880626,0x100,0a00000000000000,,
1772062237.3381555,0x100,0a00000000000000,,
1772062237.3643036,0x300,0101010101010101,,
1772062237.3812823,0x200,0001020304050607,,
1772062237.3889906,0x100,0a00000000000000,,
1772062237.4396026,0x100,0a00000000000000,,
1772062237.4813418,0x200,0001020304050607,,
1772062237.4905007,0x100,0a00000000000000,,
1772062237.540999,0x100,0a00000000000000,,
1772062237.5655818,0x300,0101010101010101,,
1772062237.5824678,0x200,0001020304050607,,
1772062237.591771,0x100,0a00000000000000,,
1772062237.642733,0x100,0a00000000000000,,
1772062237.6831796,0x200,0001020304050607,,
1772062237.6942034,0x100,0a00000000000000,,
1772062237.745173,0x100,0a00000000000000,,
1772062237.7663743,0x300,0101010101010101,,
1772062237.7834918,0x200,0001020304050607,,
1772062237.7959414,0x100,0a00000000000000,,
1772062237.846589,0x100,0a00000000000000,,
1772062237.884031,0x200,0001020304050607,,
1772062237.8978078,0x100,0a00000000000000,,
1772062237.9490654,0x100,0a00000000000000,,
1772062237.967514,0x300,0101010101010101,,
1772062237.9844391,0x200,0001020304050607,,
1772062237.9996386,0x100,0a00000000000000,,
1772062238.0510798,0x100,0a00000000000000,,
1772062238.0852277,0x200,0001020304050607,,
1772062238.102334,0x100,0a00000000000000,,
1772062238.152631,0x100,0a00000000000000,,
1772062238.168449,0x300,0101010101010101,,
1772062238.1855278,0x200,0001020304050607,,
1772062238.204063,0x100,0a00000000000000,,
1772062238.2552094,0x100,0a00000000000000,,
1772062238.286307,0x200,0001020304050607,,
1772062238.3064296,0x100,0a00000000000000,,
1772062238.3576636,0x100,0a00000000000000,,
1772062238.3687642,0x300,0101010101010101,,
1772062238.387236,0x200,0001020304050607,,
1772062238.4090347,0x100,0a00000000000000,,
1772062238.4596667,0x100,0a00000000000000,,
1772062238.4876466,0x200,0001020304050607,,
1772062238.5108774,0x100,0a00000000000000,,
1772062238.561919,0x100,0a00000000000000,,
1772062238.5696461,0x300,0101010101010101,,
1772062238.5883472,0x200,0001020304050607,,
1772062238.6127603,0x100,0a00000000000000,,
1772062238.664131,0x100,0a00000000000000,,
1772062238.689345,0x200,0001020304050607,,
1772062238.7141762,0x100,0a00000000000000,,
1772062238.765158,0x100,0a00000000000000,,
1772062238.769824,0x300,0101010101010101,,
1772062238.7900298,0x200,0001020304050607,,
1772062238.8164446,0x100,0a00000000000000,,
1772062238.8677225,0x100,0a00000000000000,,
1772062238.8910248,0x200,0001020304050607,,
1772062238.918809,0x100,0a00000000000000,,
1772062238.9698157,0x100,0a00000000000000,,
1772062238.9712934,0x300,0101010101010101,,
1772062238.9914622,0x200,0001020304050607,,
1772062239.0208945,0x100,0a00000000000000,,
1772062239.0716166,0x100,0a00000000000000,,
1772062239.0915735,0x200,0001020304050607,,
1772062239.1224122,0x100,0a00000000000000,,
1772062239.1720903,0x300,0101010101010101,,
1772062239.1736686,0x100,0a00000000000000,,
1772062239.1923695,0x200,0001020304050607,,
1772062239.2246692,0x100,0a00000000000000,,
1772062239.275879,0x100,0a00000000000000,,
1772062239.2928987,0x200,0001020304050607,,
1772062239.3260021,0x100,0a00000000000000,,
1772062239.3723724,0x300,0101010101010101,,
1772062239.3770597,0x100,0a00000000000000,,
1772062239.394174,0x200,0001020304050607,,
1772062239.4279573,0x100,0a00000000000000,,
1772062239.4779763,0x100,0a00000000000000,,
1772062239.4950142,0x200,0001020304050607,,
1772062239.5290337,0x100,0a00000000000000,,
1772062239.5728803,0x300,0101010101010101,,
1772062239.580521,0x100,0a00000000000000,,
1772062239.5961027,0x200,0001020304050607,,
1772062239.6317692,0x100,0a00000000000000,,
1772062239.6818845,0x100,0a00000000000000,,
1772062239.697404,0x200,0001020304050607,,
1772062239.7329984,0x100,0a00000000000000,,
1772062239.7730606,0x300,0101010101010101,,
1772062239.7838495,0x100,0a00000000000000,,
1772062239.7978818,0x200,0001020304050607,,
1772062239.8353293,0x100,0a00000000000000,,
1772062239.8867843,0x100,0a00000000000000,,
1772062239.8978999,0x200,0001020304050607,,
1772062239.9368074,0x100,0a00000000000000,,
1772062239.9737413,0x300,0101010101010101,,
1772062239.9878197,0x100,0a00000000000000,,
1772062239.998746,0x200,0001020304050607,,
1772062240.038884,0x100,0a00000000000000,,
1772062240.0891805,0x100,0a00000000000000,,
1772062240.100155,0x200,0001020304050607,,
1772062240.1394448,0x100,0a00000000000000,,
1772062240.1739542,0x300,0101010101010101,,
1772062240.1895282,0x100,0a00000000000000,,
1772062240.2005308,0x200,0001020304050607,,
1772062240.240607,0x100,0a00000000000000,,
1772062240.2909951,0x100,0a00000000000000,,
1772062240.301913,0x200,0001020304050607,,
1772062240.3413386,0x100,0a00000000000000,,
1772062240.3740976,0x300,0101010101010101,,
1772062240.3919048,0x100,0a00000000000000,,
1772062240.4027424,0x200,0001020304050607,,
1772062240.4420173,0x100,0a00000000000000,,
1772062240.4927933,0x100,0a00000000000000,,
1772062240.5036852,0x200,0001020304050607,,
1772062240.5440974,0x100,0a00000000000000,,
1772062240.5468082,0x100,6363636363636363,,
1772062240.5523465,0x100,6363636363636363,,
1772062240.5574982,0x100,6363636363636363,,
1772062240.562672,0x100,6363636363636363,,
1772062240.56829,0x100,6363636363636363,,
1772062240.5738225,0x100,6363636363636363,,
1772062240.5743272,0x300,0101010101010101,,
1772062240.5791366,0x100,6363636363636363,,
1772062240.584732,0x100,6363636363636363,,
1772062240.5903125,0x100,6363636363636363,,
1772062240.5944643,0x100,0a00000000000000,,
1772062240.5959964,0x100,6363636363636363,,
1772062240.6011324,0x100,6363636363636363,,
1772062240.603662,0x200,0001020304050607,,
1772062240.6067903,0x100,6363636363636363,,
1772062240.6121936,0x100,6363636363636363,,
1772062240.617834,0x100,6363636363636363,,
1772062240.6233618,0x100,6363636363636363,,
1772062240.6286352,0x100,6363636363636363,,
1772062240.6342547,0x100,6363636363636363,,
1772062240.6398723,0x100,6363636363636363,,
1772062240.645548,0x100,0a00000000000000,,
1772062240.645611,0x100,6363636363636363,,
1772062240.6510959,0x100,6363636363636363,,
1772062240.6568046,0x100,6363636363636363,,
1772062240.6624897,0x100,6363636363636363,,
1772062240.6677198,0x100,6363636363636363,,
1772062240.6733947,0x100,6363636363636363,,
1772062240.6789725,0x100,6363636363636363,,
1772062240.6845229,0x100,6363636363636363,,
1772062240.6901157,0x100,6363636363636363,,
1772062240.6952288,0x100,6363636363636363,,
1772062240.6962183,0x100,0a00000000000000,,
1772062240.7009313,0x100,6363636363636363,,
1772062240.703889,0x200,0001020304050607,,
1772062240.706383,0x100,6363636363636363,,
1772062240.711566,0x100,6363636363636363,,
1772062240.717109,0x100,6363636363636363,,
1772062240.7226985,0x100,6363636363636363,,
1772062240.7282643,0x100,6363636363636363,,
1772062240.733563,0x100,6363636363636363,,
1772062240.739197,0x100,6363636363636363,,
1772062240.7447085,0x100,6363636363636363,,
1772062240.7467594,0x100,0a00000000000000,,
1772062240.750261,0x100,6363636363636363,,
1772062240.7557967,0x100,6363636363636363,,
1772062240.7609978,0x100,6363636363636363,,
1772062240.766139,0x100,6363636363636363,,
1772062240.7712417,0x100,6363636363636363,FREQ_ANOMALY,count_in_2.0s=81 thresh=80
1772062240.7743208,0x300,0101010101010101,,
1772062240.776444,0x100,6363636363636363,FREQ_ANOMALY,count_in_2.0s=82 thresh=80
1772062240.7817395,0x100,6363636363636363,FREQ_ANOMALY,count_in_2.0s=83 thresh=80
1772062240.7873979,0x100,6363636363636363,FREQ_ANOMALY,count_in_2.0s=84 thresh=80
1772062240.792964,0x100,6363636363636363,FREQ_ANOMALY,count_in_2.0s=85 thresh=80
1772062240.7975748,0x100,0a00000000000000,FREQ_ANOMALY,count_in_2.0s=86 thresh=80
1772062240.798086,0x100,6363636363636363,FREQ_ANOMALY,count_in_2.0s=87 thresh=80
1772062240.803701,0x100,6363636363636363,FREQ_ANOMALY,count_in_2.0s=88 thresh=80
1772062240.805276,0x200,0001020304050607,,
1772062240.808929,0x100,6363636363636363,FREQ_ANOMALY,count_in_2.0s=89 thresh=80
1772062240.8145256,0x100,6363636363636363,FREQ_ANOMALY,count_in_2.0s=90 thresh=80
1772062240.8201382,0x100,6363636363636363,FREQ_ANOMALY,count_in_2.0s=90 thresh=80
1772062240.825785,0x100,6363636363636363,FREQ_ANOMALY,count_in_2.0s=91 thresh=80
1772062240.8313887,0x100,6363636363636363,FREQ_ANOMALY,count_in_2.0s=92 thresh=80
1772062240.8369517,0x100,6363636363636363,FREQ_ANOMALY,count_in_2.0s=93 thresh=80
1772062240.8426178,0x100,6363636363636363,FREQ_ANOMALY,count_in_2.0s=94 thresh=80
1772062240.8480914,0x100,0a00000000000000,FREQ_ANOMALY,count_in_2.0s=95 thresh=80
1772062240.8482082,0x100,6363636363636363,FREQ_ANOMALY,count_in_2.0s=96 thresh=80
1772062240.853798,0x100,6363636363636363,FREQ_ANOMALY,count_in_2.0s=97 thresh=80
1772062240.859067,0x100,6363636363636363,FREQ_ANOMALY,count_in_2.0s=98 thresh=80
1772062240.8641822,0x100,6363636363636363,FREQ_ANOMALY,count_in_2.0s=99 thresh=80
1772062240.869378,0x100,6363636363636363,FREQ_ANOMALY,count_in_2.0s=99 thresh=80
1772062240.8745477,0x100,6363636363636363,FREQ_ANOMALY,count_in_2.0s=100 thresh=80
1772062240.8801231,0x100,6363636363636363,FREQ_ANOMALY,count_in_2.0s=101 thresh=80
1772062240.8856921,0x100,6363636363636363,FREQ_ANOMALY,count_in_2.0s=102 thresh=80
1772062240.8909914,0x100,6363636363636363,FREQ_ANOMALY,count_in_2.0s=103 thresh=80
1772062240.8960938,0x100,6363636363636363,FREQ_ANOMALY,count_in_2.0s=104 thresh=80
1772062240.8985753,0x100,0a00000000000000,FREQ_ANOMALY,count_in_2.0s=105 thresh=80
1772062240.9017763,0x100,6363636363636363,FREQ_ANOMALY,count_in_2.0s=106 thresh=80
1772062240.9063478,0x200,0001020304050607,,
1772062240.9068437,0x100,6363636363636363,FREQ_ANOMALY,count_in_2.0s=107 thresh=80
1772062240.9122436,0x100,6363636363636363,FREQ_ANOMALY,count_in_2.0s=108 thresh=80
1772062240.9174364,0x100,6363636363636363,FREQ_ANOMALY,count_in_2.0s=109 thresh=80
1772062240.9229422,0x100,6363636363636363,FREQ_ANOMALY,count_in_2.0s=109 thresh=80
1772062240.9284863,0x100,6363636363636363,FREQ_ANOMALY,count_in_2.0s=110 thresh=80
1772062240.9341626,0x100,6363636363636363,FREQ_ANOMALY,count_in_2.0s=111 thresh=80
1772062240.9397576,0x100,6363636363636363,FREQ_ANOMALY,count_in_2.0s=112 thresh=80
1772062240.944878,0x100,6363636363636363,FREQ_ANOMALY,count_in_2.0s=113 thresh=80
1772062240.949081,0x100,0a00000000000000,FREQ_ANOMALY,count_in_2.0s=114 thresh=80
1772062240.9504704,0x100,6363636363636363,FREQ_ANOMALY,count_in_2.0s=115 thresh=80
1772062240.9560113,0x100,6363636363636363,FREQ_ANOMALY,count_in_2.0s=116 thresh=80
1772062240.9616137,0x100,6363636363636363,FREQ_ANOMALY,count_in_2.0s=117 thresh=80
1772062240.9670806,0x100,6363636363636363,FREQ_ANOMALY,count_in_2.0s=118 thresh=80
1772062240.9727154,0x100,6363636363636363,FREQ_ANOMALY,count_in_2.0s=118 thresh=80
1772062240.9751413,0x300,0101010101010101,,
1772062240.9782953,0x100,6363636363636363,FREQ_ANOMALY,count_in_2.0s=119 thresh=80
1772062240.9835293,0x100,6363636363636363,FREQ_ANOMALY,count_in_2.0s=120 thresh=80
1772062240.9891129,0x100,6363636363636363,FREQ_ANOMALY,count_in_2.0s=121 thresh=80
1772062240.9947078,0x100,6363636363636363,FREQ_ANOMALY,count_in_2.0s=122 thresh=80
1772062240.9999816,0x100,6363636363636363,FREQ_ANOMALY,count_in_2.0s=123 thresh=80
1772062241.0001345,0x100,0a00000000000000,FREQ_ANOMALY,count_in_2.0s=124 thresh=80
1772062241.00549,0x100,6363636363636363,FREQ_ANOMALY,count_in_2.0s=125 thresh=80
1772062241.0074897,0x200,0001020304050607,,
1772062241.0106957,0x100,6363636363636363,FREQ_ANOMALY,count_in_2.0s=126 thresh=80
1772062241.01626,0x100,6363636363636363,FREQ_ANOMALY,count_in_2.0s=127 thresh=80
1772062241.021806,0x100,6363636363636363,FREQ_ANOMALY,count_in_2.0s=127 thresh=80
1772062241.026922,0x100,6363636363636363,FREQ_ANOMALY,count_in_2.0s=128 thresh=80
1772062241.0324962,0x100,6363636363636363,FREQ_ANOMALY,count_in_2.0s=129 thresh=80
1772062241.0380418,0x100,6363636363636363,FREQ_ANOMALY,count_in_2.0s=130 thresh=80
1772062241.0431952,0x100,6363636363636363,FREQ_ANOMALY,count_in_2.0s=131 thresh=80
1772062241.0486252,0x100,6363636363636363,FREQ_ANOMALY,count_in_2.0s=132 thresh=80
1772062241.0505962,0x100,0a00000000000000,FREQ_ANOMALY,count_in_2.0s=133 thresh=80
1772062241.0541167,0x100,6363636363636363,FREQ_ANOMALY,count_in_2.0s=134 thresh=80
1772062241.0593305,0x100,6363636363636363,FREQ_ANOMALY,count_in_2.0s=135 thresh=80
1772062241.0649292,0x100,6363636363636363,FREQ_ANOMALY,count_in_2.0s=136 thresh=80
1772062241.0705009,0x100,6363636363636363,FREQ_ANOMALY,count_in_2.0s=137 thresh=80
1772062241.0756545,0x100,6363636363636363,FREQ_ANOMALY,count_in_2.0s=137 thresh=80
1772062241.081287,0x100,6363636363636363,FREQ_ANOMALY,count_in_2.0s=138 thresh=80
1772062241.0865617,0x100,6363636363636363,FREQ_ANOMALY,count_in_2.0s=139 thresh=80
1772062241.091855,0x100,6363636363636363,FREQ_ANOMALY,count_in_2.0s=140 thresh=80
1772062241.097437,0x100,6363636363636363,FREQ_ANOMALY,count_in_2.0s=141 thresh=80
1772062241.1014597,0x100,0a00000000000000,FREQ_ANOMALY,count_in_2.0s=142 thresh=80
1772062241.1030433,0x100,6363636363636363,FREQ_ANOMALY,count_in_2.0s=143 thresh=80
1772062241.1077218,0x200,0001020304050607,,
1772062241.1082008,0x100,6363636363636363,FREQ_ANOMALY,count_in_2.0s=144 thresh=80
1772062241.1137724,0x100,6363636363636363,FREQ_ANOMALY,count_in_2.0s=145 thresh=80
1772062241.1190927,0x100,6363636363636363,FREQ_ANOMALY,count_in_2.0s=146 thresh=80
1772062241.1246898,0x100,6363636363636363,FREQ_ANOMALY,count_in_2.0s=146 thresh=80
1772062241.1302772,0x100,6363636363636363,FREQ_ANOMALY,count_in_2.0s=147 thresh=80
1772062241.1354723,0x100,6363636363636363,FREQ_ANOMALY,count_in_2.0s=148 thresh=80
1772062241.1410959,0x100,6363636363636363,FREQ_ANOMALY,count_in_2.0s=149 thresh=80
1772062241.146667,0x100,6363636363636363,FREQ_ANOMALY,count_in_2.0s=150 thresh=80
1772062241.1518452,0x100,0a00000000000000,FREQ_ANOMALY,count_in_2.0s=151 thresh=80
1772062241.151951,0x100,6363636363636363,FREQ_ANOMALY,count_in_2.0s=152 thresh=80
1772062241.1575575,0x100,6363636363636363,FREQ_ANOMALY,count_in_2.0s=153 thresh=80
1772062241.162991,0x100,6363636363636363,FREQ_ANOMALY,count_in_2.0s=154 thresh=80
1772062241.1687448,0x100,6363636363636363,FREQ_ANOMALY,count_in_2.0s=155 thresh=80
1772062241.1741765,0x100,6363636363636363,FREQ_ANOMALY,count_in_2.0s=155 thresh=80
1772062241.1762483,0x300,0101010101010101,,
1772062241.179768,0x100,6363636363636363,FREQ_ANOMALY,count_in_2.0s=156 thresh=80
1772062241.185538,0x100,6363636363636363,FREQ_ANOMALY,count_in_2.0s=157 thresh=80
1772062241.1910634,0x100,6363636363636363,FREQ_ANOMALY,count_in_2.0s=158 thresh=80
1772062241.1966696,0x100,6363636363636363,FREQ_ANOMALY,count_in_2.0s=159 thresh=80
1772062241.201833,0x100,6363636363636363,FREQ_ANOMALY,count_in_2.0s=160 thresh=80
1772062241.2027972,0x100,0a00000000000000,FREQ_ANOMALY,count_in_2.0s=161 thresh=80
1772062241.20784,0x100,6363636363636363,FREQ_ANOMALY,count_in_2.0s=162 thresh=80
1772062241.209066,0x200,0001020304050607,,
1772062241.2132974,0x100,6363636363636363,FREQ_ANOMALY,count_in_2.0s=163 thresh=80
1772062241.218803,0x100,6363636363636363,FREQ_ANOMALY,count_in_2.0s=164 thresh=80
1772062241.2245104,0x100,6363636363636363,FREQ_ANOMALY,count_in_2.0s=165 thresh=80
1772062241.2297647,0x100,6363636363636363,FREQ_ANOMALY,count_in_2.0s=165 thresh=80
1772062241.2353842,0x100,6363636363636363,FREQ_ANOMALY,count_in_2.0s=166 thresh=80
1772062241.2409315,0x100,6363636363636363,FREQ_ANOMALY,count_in_2.0s=167 thresh=80
1772062241.246192,0x100,6363636363636363,FREQ_ANOMALY,count_in_2.0s=168 thresh=80
1772062241.2514412,0x100,6363636363636363,FREQ_ANOMALY,count_in_2.0s=169 thresh=80
1772062241.253976,0x100,0a00000000000000,FREQ_ANOMALY,count_in_2.0s=170 thresh=80
1772062241.2570903,0x100,6363636363636363,FREQ_ANOMALY,count_in_2.0s=171 thresh=80
1772062241.2622209,0x100,6363636363636363,FREQ_ANOMALY,count_in_2.0s=172 thresh=80
1772062241.267825,0x100,6363636363636363,FREQ_ANOMALY,count_in_2.0s=173 thresh=80
1772062241.2733681,0x100,6363636363636363,FREQ_ANOMALY,count_in_2.0s=174 thresh=80
1772062241.2789767,0x100,6363636363636363,FREQ_ANOMALY,count_in_2.0s=174 thresh=80
1772062241.2845314,0x100,6363636363636363,FREQ_ANOMALY,count_in_2.0s=175 thresh=80
1772062241.2900782,0x100,6363636363636363,FREQ_ANOMALY,count_in_2.0s=176 thresh=80
1772062241.2956128,0x100,6363636363636363,FREQ_ANOMALY,count_in_2.0s=177 thresh=80
1772062241.3007555,0x100,6363636363636363,FREQ_ANOMALY,count_in_2.0s=178 thresh=80
1772062241.3042278,0x100,0a00000000000000,FREQ_ANOMALY,count_in_2.0s=179 thresh=80
1772062241.3063254,0x100,6363636363636363,FREQ_ANOMALY,count_in_2.0s=180 thresh=80
1772062241.3103075,0x200,0001020304050607,,
1772062241.3118122,0x100,6363636363636363,FREQ_ANOMALY,count_in_2.0s=181 thresh=80
1772062241.3169265,0x100,6363636363636363,FREQ_ANOMALY,count_in_2.0s=182 thresh=80
1772062241.3225331,0x100,6363636363636363,FREQ_ANOMALY,count_in_2.0s=183 thresh=80
1772062241.328256,0x100,6363636363636363,FREQ_ANOMALY,count_in_2.0s=183 thresh=80
1772062241.333737,0x100,6363636363636363,FREQ_ANOMALY,count_in_2.0s=184 thresh=80
1772062241.339545,0x100,6363636363636363,FREQ_ANOMALY,count_in_2.0s=185 thresh=80
1772062241.3447797,0x100,6363636363636363,FREQ_ANOMALY,count_in_2.0s=186 thresh=80
1772062241.3503642,0x100,6363636363636363,FREQ_ANOMALY,count_in_2.0s=187 thresh=80
1772062241.3543475,0x100,0a00000000000000,FREQ_ANOMALY,count_in_2.0s=188 thresh=80
1772062241.35589,0x100,6363636363636363,FREQ_ANOMALY,count_in_2.0s=189 thresh=80
1772062241.3609824,0x100,6363636363636363,FREQ_ANOMALY,count_in_2.0s=190 thresh=80
1772062241.3662155,0x100,6363636363636363,FREQ_ANOMALY,count_in_2.0s=191 thresh=80
1772062241.371745,0x100,6363636363636363,FREQ_ANOMALY,count_in_2.0s=192 thresh=80
1772062241.3769617,0x300,0101010101010101,,
1772062241.377007,0x100,6363636363636363,FREQ_ANOMALY,count_in_2.0s=193 thresh=80
1772062241.3821187,0x100,6363636363636363,FREQ_ANOMALY,count_in_2.0s=193 thresh=80
1772062241.3878615,0x100,6363636363636363,FREQ_ANOMALY,count_in_2.0s=194 thresh=80
1772062241.393281,0x100,6363636363636363,FREQ_ANOMALY,count_in_2.0s=195 thresh=80
1772062241.3984942,0x100,6363636363636363,FREQ_ANOMALY,count_in_2.0s=196 thresh=80
1772062241.4036736,0x100,6363636363636363,FREQ_ANOMALY,count_in_2.0s=197 thresh=80
1772062241.4046657,0x100,0a00000000000000,FREQ_ANOMALY,count_in_2.0s=198 thresh=80
1772062241.4092348,0x100,6363636363636363,FREQ_ANOMALY,count_in_2.0s=199 thresh=80
1772062241.4108477,0x200,0001020304050607,,
1772062241.4148073,0x100,6363636363636363,FREQ_ANOMALY,count_in_2.0s=200 thresh=80
1772062241.420376,0x100,6363636363636363,FREQ_ANOMALY,count_in_2.0s=201 thresh=80
1772062241.4260855,0x100,6363636363636363,FREQ_ANOMALY,count_in_2.0s=202 thresh=80
1772062241.4316804,0x100,6363636363636363,FREQ_ANOMALY,count_in_2.0s=202 thresh=80
1772062241.4375029,0x100,6363636363636363,FREQ_ANOMALY,count_in_2.0s=203 thresh=80
1772062241.443039,0x100,6363636363636363,FREQ_ANOMALY,count_in_2.0s=204 thresh=80
1772062241.4483767,0x100,6363636363636363,FREQ_ANOMALY,count_in_2.0s=205 thresh=80
1772062241.454129,0x100,6363636363636363,FREQ_ANOMALY,count_in_2.0s=206 thresh=80
1772062241.4548798,0x100,0a00000000000000,FREQ_ANOMALY,count_in_2.0s=207 thresh=80
1772062241.4592104,0x100,6363636363636363,FREQ_ANOMALY,count_in_2.0s=208 thresh=80
1772062241.4647784,0x100,6363636363636363,FREQ_ANOMALY,count_in_2.0s=209 thresh=80
1772062241.4704955,0x100,6363636363636363,FREQ_ANOMALY,count_in_2.0s=210 thresh=80
1772062241.476003,0x100,6363636363636363,FREQ_ANOMALY,count_in_2.0s=211 thresh=80
1772062241.4815977,0x100,6363636363636363,FREQ_ANOMALY,count_in_2.0s=211 thresh=80
1772062241.487228,0x100,6363636363636363,FREQ_ANOMALY,count_in_2.0s=212 thresh=80
1772062241.492483,0x100,6363636363636363,FREQ_ANOMALY,count_in_2.0s=213 thresh=80
1772062241.49808,0x100,6363636363636363,FREQ_ANOMALY,count_in_2.0s=214 thresh=80
1772062241.5032365,0x100,6363636363636363,FREQ_ANOMALY,count_in_2.0s=215 thresh=80
1772062241.5057182,0x100,0a00000000000000,FREQ_ANOMALY,count_in_2.0s=216 thresh=80
1772062241.5089526,0x100,6363636363636363,FREQ_ANOMALY,count_in_2.0s=217 thresh=80
1772062241.511848,0x200,0001020304050607,,
1772062241.514426,0x100,6363636363636363,FREQ_ANOMALY,count_in_2.0s=218 thresh=80
1772062241.5196705,0x100,6363636363636363,FREQ_ANOMALY,count_in_2.0s=219 thresh=80
1772062241.5247848,0x100,6363636363636363,FREQ_ANOMALY,count_in_2.0s=220 thresh=80
1772062241.5303662,0x100,6363636363636363,FREQ_ANOMALY,count_in_2.0s=220 thresh=80
1772062241.5355933,0x100,6363636363636363,FREQ_ANOMALY,count_in_2.0s=221 thresh=80
1772062241.5411334,0x100,6363636363636363,FREQ_ANOMALY,count_in_2.0s=222 thresh=80
1772062241.5465994,0x100,6363636363636363,FREQ_ANOMALY,count_in_2.0s=223 thresh=80
1772062241.5517545,0x100,6363636363636363,FREQ_ANOMALY,count_in_2.0s=224 thresh=80
1772062241.5569167,0x100,0a00000000000000,FREQ_ANOMALY,count_in_2.0s=225 thresh=80
1772062241.55739,0x100,6363636363636363,FREQ_ANOMALY,count_in_2.0s=226 thresh=80
1772062241.5625532,0x100,6363636363636363,FREQ_ANOMALY,count_in_2.0s=227 thresh=80
1772062241.5676978,0x100,6363636363636363,FREQ_ANOMALY,count_in_2.0s=228 thresh=80
1772062241.5728762,0x100,6363636363636363,FREQ_ANOMALY,count_in_2.0s=229 thresh=80
1772062241.5785935,0x300,0101010101010101,,
1772062241.5786784,0x100,6363636363636363,FREQ_ANOMALY,count_in_2.0s=230 thresh=80
1772062241.5841522,0x100,6363636363636363,FREQ_ANOMALY,count_in_2.0s=230 thresh=80
1772062241.5896757,0x100,6363636363636363,FREQ_ANOMALY,count_in_2.0s=231 thresh=80
1772062241.59495,0x100,6363636363636363,FREQ_ANOMALY,count_in_2.0s=232 thresh=80
1772062241.6001189,0x100,6363636363636363,FREQ_ANOMALY,count_in_2.0s=233 thresh=80
1772062241.6057436,0x100,6363636363636363,FREQ_ANOMALY,count_in_2.0s=234 thresh=80
1772062241.607275,0x100,0a00000000000000,FREQ_ANOMALY,count_in_2.0s=235 thresh=80
1772062241.6109684,0x100,6363636363636363,FREQ_ANOMALY,count_in_2.0s=236 thresh=80
1772062241.6130002,0x200,0001020304050607,,
1772062241.6161075,0x100,6363636363636363,FREQ_ANOMALY,count_in_2.0s=237 thresh=80
1772062241.6211932,0x100,6363636363636363,FREQ_ANOMALY,count_in_2.0s=238 thresh=80
1772062241.6263487,0x100,6363636363636363,FREQ_ANOMALY,count_in_2.0s=239 thresh=80
1772062241.6315894,0x100,6363636363636363,FREQ_ANOMALY,count_in_2.0s=240 thresh=80
1772062241.637138,0x100,6363636363636363,FREQ_ANOMALY,count_in_2.0s=240 thresh=80
1772062241.642323,0x100,6363636363636363,FREQ_ANOMALY,count_in_2.0s=241 thresh=80
1772062241.6478915,0x100,6363636363636363,FREQ_ANOMALY,count_in_2.0s=242 thresh=80
1772062241.6535246,0x100,6363636363636363,FREQ_ANOMALY,count_in_2.0s=243 thresh=80
1772062241.6576407,0x100,0a00000000000000,FREQ_ANOMALY,count_in_2.0s=244 thresh=80
1772062241.6591184,0x100,6363636363636363,FREQ_ANOMALY,count_in_2.0s=245 thresh=80
1772062241.6646948,0x100,6363636363636363,FREQ_ANOMALY,count_in_2.0s=246 thresh=80
1772062241.6702983,0x100,6363636363636363,FREQ_ANOMALY,count_in_2.0s=247 thresh=80
1772062241.675839,0x100,6363636363636363,FREQ_ANOMALY,count_in_2.0s=248 thresh=80
1772062241.6809185,0x100,6363636363636363,FREQ_ANOMALY,count_in_2.0s=249 thresh=80
1772062241.6861513,0x100,6363636363636363,FREQ_ANOMALY,count_in_2.0s=249 thresh=80
1772062241.6916604,0x100,6363636363636363,FREQ_ANOMALY,count_in_2.0s=250 thresh=80
1772062241.6973116,0x100,6363636363636363,FREQ_ANOMALY,count_in_2.0s=251 thresh=80
1772062241.7028358,0x100,6363636363636363,FREQ_ANOMALY,count_in_2.0s=252 thresh=80
1772062241.7083733,0x100,6363636363636363,FREQ_ANOMALY,count_in_2.0s=253 thresh=80
1772062241.708845,0x100,0a00000000000000,FREQ_ANOMALY,count_in_2.0s=254 thresh=80
1772062241.7135525,0x100,6363636363636363,FREQ_ANOMALY,count_in_2.0s=255 thresh=80
1772062241.7136672,0x200,0001020304050607,,
1772062241.7188103,0x100,6363636363636363,FREQ_ANOMALY,count_in_2.0s=256 thresh=80
1772062241.7242968,0x100,6363636363636363,FREQ_ANOMALY,count_in_2.0s=257 thresh=80
1772062241.729479,0x100,6363636363636363,FREQ_ANOMALY,count_in_2.0s=258 thresh=80
1772062241.7351727,0x100,6363636363636363,FREQ_ANOMALY,count_in_2.0s=258 thresh=80
1772062241.7407813,0x100,6363636363636363,FREQ_ANOMALY,count_in_2.0s=259 thresh=80
1772062241.7462895,0x100,6363636363636363,FREQ_ANOMALY,count_in_2.0s=260 thresh=80
1772062241.751448,0x100,6363636363636363,FREQ_ANOMALY,count_in_2.0s=261 thresh=80
1772062241.7571573,0x100,6363636363636363,FREQ_ANOMALY,count_in_2.0s=262 thresh=80
1772062241.7595348,0x100,0a00000000000000,FREQ_ANOMALY,count_in_2.0s=263 thresh=80
1772062241.7626443,0x100,6363636363636363,FREQ_ANOMALY,count_in_2.0s=264 thresh=80
1772062241.7678187,0x100,6363636363636363,FREQ_ANOMALY,count_in_2.0s=265 thresh=80
1772062241.773403,0x100,6363636363636363,FREQ_ANOMALY,count_in_2.0s=266 thresh=80
1772062241.7789667,0x100,6363636363636363,FREQ_ANOMALY,count_in_2.0s=267 thresh=80
1772062241.7795167,0x300,0101010101010101,,
1772062241.7842243,0x100,6363636363636363,FREQ_ANOMALY,count_in_2.0s=267 thresh=80
1772062241.7897694,0x100,6363636363636363,FREQ_ANOMALY,count_in_2.0s=268 thresh=80
1772062241.7950244,0x100,6363636363636363,FREQ_ANOMALY,count_in_2.0s=269 thresh=80
1772062241.800192,0x100,6363636363636363,FREQ_ANOMALY,count_in_2.0s=270 thresh=80
1772062241.805848,0x100,6363636363636363,FREQ_ANOMALY,count_in_2.0s=271 thresh=80
1772062241.8105607,0x100,0a00000000000000,FREQ_ANOMALY,count_in_2.0s=272 thresh=80
1772062241.8110595,0x100,6363636363636363,FREQ_ANOMALY,count_in_2.0s=273 thresh=80
1772062241.8136232,0x200,0001020304050607,,
1772062241.8161957,0x100,6363636363636363,FREQ_ANOMALY,count_in_2.0s=274 thresh=80
1772062241.8213046,0x100,6363636363636363,FREQ_ANOMALY,count_in_2.0s=275 thresh=80
1772062241.8268802,0x100,6363636363636363,FREQ_ANOMALY,count_in_2.0s=276 thresh=80
1772062241.832513,0x100,6363636363636363,FREQ_ANOMALY,count_in_2.0s=277 thresh=80
1772062241.838085,0x100,6363636363636363,FREQ_ANOMALY,count_in_2.0s=277 thresh=80
1772062241.8433216,0x100,6363636363636363,FREQ_ANOMALY,count_in_2.0s=278 thresh=80
1772062241.8488662,0x100,6363636363636363,FREQ_ANOMALY,count_in_2.0s=279 thresh=80
1772062241.854114,0x100,6363636363636363,FREQ_ANOMALY,count_in_2.0s=280 thresh=80
1772062241.859668,0x100,6363636363636363,FREQ_ANOMALY,count_in_2.0s=281 thresh=80
1772062241.861223,0x100,0a00000000000000,FREQ_ANOMALY,count_in_2.0s=282 thresh=80
1772062241.8648791,0x100,6363636363636363,FREQ_ANOMALY,count_in_2.0s=283 thresh=80
1772062241.8704484,0x100,6363636363636363,FREQ_ANOMALY,count_in_2.0s=284 thresh=80
1772062241.876021,0x100,6363636363636363,FREQ_ANOMALY,count_in_2.0s=285 thresh=80
1772062241.88118,0x100,6363636363636363,FREQ_ANOMALY,count_in_2.0s=286 thresh=80
1772062241.8867607,0x100,6363636363636363,FREQ_ANOMALY,count_in_2.0s=287 thresh=80
1772062241.8923295,0x100,6363636363636363,FREQ_ANOMALY,count_in_2.0s=287 thresh=80
1772062241.897884,0x100,6363636363636363,FREQ_ANOMALY,count_in_2.0s=288 thresh=80
1772062241.9029884,0x100,6363636363636363,FREQ_ANOMALY,count_in_2.0s=289 thresh=80
1772062241.908594,0x100,6363636363636363,FREQ_ANOMALY,count_in_2.0s=290 thresh=80
1772062241.9116938,0x100,0a00000000000000,FREQ_ANOMALY,count_in_2.0s=291 thresh=80
1772062241.9137945,0x100,6363636363636363,FREQ_ANOMALY,count_in_2.0s=292 thresh=80
1772062241.914781,0x200,0001020304050607,,
1772062241.919397,0x100,6363636363636363,FREQ_ANOMALY,count_in_2.0s=293 thresh=80
1772062241.9249322,0x100,6363636363636363,FREQ_ANOMALY,count_in_2.0s=294 thresh=80
1772062241.930517,0x100,6363636363636363,FREQ_ANOMALY,count_in_2.0s=295 thresh=80
1772062241.935702,0x100,6363636363636363,FREQ_ANOMALY,count_in_2.0s=296 thresh=80
1772062241.9412923,0x100,6363636363636363,FREQ_ANOMALY,count_in_2.0s=296 thresh=80
1772062241.9463964,0x100,6363636363636363,FREQ_ANOMALY,count_in_2.0s=297 thresh=80
1772062241.9515254,0x100,6363636363636363,FREQ_ANOMALY,count_in_2.0s=298 thresh=80
1772062241.9567125,0x100,6363636363636363,FREQ_ANOMALY,count_in_2.0s=299 thresh=80
1772062241.9620013,0x100,0a00000000000000,FREQ_ANOMALY,count_in_2.0s=300 thresh=80
1772062241.9621284,0x100,6363636363636363,FREQ_ANOMALY,count_in_2.0s=301 thresh=80
1772062241.9671898,0x100,6363636363636363,FREQ_ANOMALY,count_in_2.0s=302 thresh=80
1772062241.972814,0x100,6363636363636363,FREQ_ANOMALY,count_in_2.0s=303 thresh=80
1772062241.9782853,0x100,6363636363636363,FREQ_ANOMALY,count_in_2.0s=304 thresh=80
1772062241.9803698,0x300,0101010101010101,,
1772062241.9834118,0x100,6363636363636363,FREQ_ANOMALY,count_in_2.0s=305 thresh=80
1772062241.988989,0x100,6363636363636363,FREQ_ANOMALY,count_in_2.0s=305 thresh=80
1772062241.9949217,0x100,6363636363636363,FREQ_ANOMALY,count_in_2.0s=306 thresh=80
1772062241.9998226,0x100,6363636363636363,FREQ_ANOMALY,count_in_2.0s=307 thresh=80
1772062242.0053866,0x100,6363636363636363,FREQ_ANOMALY,count_in_2.0s=308 thresh=80
1772062242.0110757,0x100,6363636363636363,FREQ_ANOMALY,count_in_2.0s=309 thresh=80
1772062242.0125265,0x100,0a00000000000000,FREQ_ANOMALY,count_in_2.0s=310 thresh=80
1772062242.0155957,0x200,0001020304050607,,
1772062242.0166326,0x100,6363636363636363,FREQ_ANOMALY,count_in_2.0s=311 thresh=80
1772062242.022212,0x100,6363636363636363,FREQ_ANOMALY,count_in_2.0s=312 thresh=80
1772062242.0273712,0x100,6363636363636363,FREQ_ANOMALY,count_in_2.0s=313 thresh=80
1772062242.0329616,0x100,6363636363636363,FREQ_ANOMALY,count_in_2.0s=314 thresh=80
1772062242.038521,0x100,6363636363636363,FREQ_ANOMALY,count_in_2.0s=315 thresh=80
1772062242.043735,0x100,6363636363636363,FREQ_ANOMALY,count_in_2.0s=315 thresh=80
1772062242.0493288,0x100,6363636363636363,FREQ_ANOMALY,count_in_2.0s=316 thresh=80
1772062242.0548763,0x100,6363636363636363,FREQ_ANOMALY,count_in_2.0s=317 thresh=80
1772062242.0600173,0x100,6363636363636363,FREQ_ANOMALY,count_in_2.0s=318 thresh=80
1772062242.0630546,0x100,0a00000000000000,FREQ_ANOMALY,count_in_2.0s=319 thresh=80
1772062242.0651271,0x100,6363636363636363,FREQ_ANOMALY,count_in_2.0s=320 thresh=80
1772062242.0708063,0x100,6363636363636363,FREQ_ANOMALY,count_in_2.0s=321 thresh=80
1772062242.0763316,0x100,6363636363636363,FREQ_ANOMALY,count_in_2.0s=322 thresh=80
1772062242.0819228,0x100,6363636363636363,FREQ_ANOMALY,count_in_2.0s=323 thresh=80
1772062242.0871398,0x100,6363636363636363,FREQ_ANOMALY,count_in_2.0s=324 thresh=80
1772062242.0927281,0x100,6363636363636363,FREQ_ANOMALY,count_in_2.0s=324 thresh=80
1772062242.097968,0x100,6363636363636363,FREQ_ANOMALY,count_in_2.0s=325 thresh=80
1772062242.103301,0x100,6363636363636363,FREQ_ANOMALY,count_in_2.0s=326 thresh=80
1772062242.1088774,0x100,6363636363636363,FREQ_ANOMALY,count_in_2.0s=327 thresh=80
1772062242.1131022,0x100,0a00000000000000,FREQ_ANOMALY,count_in_2.0s=328 thresh=80
1772062242.114101,0x100,6363636363636363,FREQ_ANOMALY,count_in_2.0s=329 thresh=80
1772062242.1161234,0x200,0001020304050607,,
1772062242.119298,0x100,6363636363636363,FREQ_ANOMALY,count_in_2.0s=330 thresh=80
1772062242.1245282,0x100,6363636363636363,FREQ_ANOMALY,count_in_2.0s=331 thresh=80
1772062242.1301703,0x100,6363636363636363,FREQ_ANOMALY,count_in_2.0s=332 thresh=80
1772062242.135722,0x100,6363636363636363,FREQ_ANOMALY,count_in_2.0s=333 thresh=80
1772062242.1412776,0x100,6363636363636363,FREQ_ANOMALY,count_in_2.0s=333 thresh=80
1772062242.146865,0x100,6363636363636363,FREQ_ANOMALY,count_in_2.0s=334 thresh=80
1772062242.1520169,0x100,6363636363636363,FREQ_ANOMALY,count_in_2.0s=335 thresh=80
1772062242.1576033,0x100,6363636363636363,FREQ_ANOMALY,count_in_2.0s=336 thresh=80
1772062242.1632397,0x100,6363636363636363,FREQ_ANOMALY,count_in_2.0s=337 thresh=80
1772062242.164154,0x100,0a00000000000000,FREQ_ANOMALY,count_in_2.0s=338 thresh=80
1772062242.1688156,0x100,6363636363636363,FREQ_ANOMALY,count_in_2.0s=339 thresh=80
1772062242.1743746,0x100,6363636363636363,FREQ_ANOMALY,count_in_2.0s=340 thresh=80
1772062242.1796014,0x100,6363636363636363,FREQ_ANOMALY,count_in_2.0s=341 thresh=80
1772062242.1811476,0x300,0101010101010101,,
1772062242.1848881,0x100,6363636363636363,FREQ_ANOMALY,count_in_2.0s=342 thresh=80
1772062242.1900575,0x100,6363636363636363,FREQ_ANOMALY,count_in_2.0s=342 thresh=80
1772062242.195628,0x100,6363636363636363,FREQ_ANOMALY,count_in_2.0s=343 thresh=80
1772062242.2027316,0x100,6363636363636363,FREQ_ANOMALY,count_in_2.0s=344 thresh=80
1772062242.2078884,0x100,6363636363636363,FREQ_ANOMALY,count_in_2.0s=345 thresh=80
1772062242.2131472,0x100,6363636363636363,FREQ_ANOMALY,count_in_2.0s=346 thresh=80
1772062242.2148502,0x100,0a00000000000000,FREQ_ANOMALY,count_in_2.0s=347 thresh=80
1772062242.2166057,0x200,0001020304050607,,
1772062242.218737,0x100,6363636363636363,FREQ_ANOMALY,count_in_2.0s=348 thresh=80
1772062242.224319,0x100,6363636363636363,FREQ_ANOMALY,count_in_2.0s=349 thresh=80
1772062242.229665,0x100,6363636363636363,FREQ_ANOMALY,count_in_2.0s=350 thresh=80
1772062242.2348306,0x100,6363636363636363,FREQ_ANOMALY,count_in_2.0s=351 thresh=80
1772062242.2404099,0x100,6363636363636363,FREQ_ANOMALY,count_in_2.0s=352 thresh=80
1772062242.2459826,0x100,6363636363636363,FREQ_ANOMALY,count_in_2.0s=352 thresh=80
1772062242.251144,0x100,6363636363636363,FREQ_ANOMALY,count_in_2.0s=353 thresh=80
1772062242.2564142,0x100,6363636363636363,FREQ_ANOMALY,count_in_2.0s=354 thresh=80
1772062242.2617614,0x100,6363636363636363,FREQ_ANOMALY,count_in_2.0s=355 thresh=80
1772062242.2659352,0x100,0a00000000000000,FREQ_ANOMALY,count_in_2.0s=356 thresh=80
1772062242.2669399,0x100,6363636363636363,FREQ_ANOMALY,count_in_2.0s=357 thresh=80
1772062242.2725694,0x100,6363636363636363,FREQ_ANOMALY,count_in_2.0s=358 thresh=80
1772062242.2782087,0x100,6363636363636363,FREQ_ANOMALY,count_in_2.0s=359 thresh=80
1772062242.2837605,0x100,6363636363636363,FREQ_ANOMALY,count_in_2.0s=360 thresh=80
1772062242.2891402,0x100,6363636363636363,FREQ_ANOMALY,count_in_2.0s=361 thresh=80
1772062242.2946038,0x100,6363636363636363,FREQ_ANOMALY,count_in_2.0s=361 thresh=80
1772062242.2997012,0x100,6363636363636363,FREQ_ANOMALY,count_in_2.0s=362 thresh=80
1772062242.3052251,0x100,6363636363636363,FREQ_ANOMALY,count_in_2.0s=363 thresh=80
1772062242.3104334,0x100,6363636363636363,FREQ_ANOMALY,count_in_2.0s=364 thresh=80
1772062242.3157043,0x100,6363636363636363,FREQ_ANOMALY,count_in_2.0s=365 thresh=80
1772062242.3167667,0x100,0a00000000000000,FREQ_ANOMALY,count_in_2.0s=366 thresh=80
1772062242.3169045,0x200,0001020304050607,,
1772062242.3210497,0x100,6363636363636363,FREQ_ANOMALY,count_in_2.0s=367 thresh=80
1772062242.3267274,0x100,6363636363636363,FREQ_ANOMALY,count_in_2.0s=368 thresh=80
1772062242.3324063,0x100,6363636363636363,FREQ_ANOMALY,count_in_2.0s=369 thresh=80
1772062242.3379414,0x100,6363636363636363,FREQ_ANOMALY,count_in_2.0s=370 thresh=80
1772062242.3429918,0x100,6363636363636363,FREQ_ANOMALY,count_in_2.0s=370 thresh=80
1772062242.348073,0x100,6363636363636363,FREQ_ANOMALY,count_in_2.0s=371 thresh=80
1772062242.3532393,0x100,6363636363636363,FREQ_ANOMALY,count_in_2.0s=372 thresh=80
1772062242.3583908,0x100,6363636363636363,FREQ_ANOMALY,count_in_2.0s=373 thresh=80
1772062242.3636756,0x100,6363636363636363,FREQ_ANOMALY,count_in_2.0s=374 thresh=80
1772062242.3673232,0x100,0a00000000000000,FREQ_ANOMALY,count_in_2.0s=375 thresh=80
1772062242.3688395,0x100,6363636363636363,FREQ_ANOMALY,count_in_2.0s=376 thresh=80
1772062242.374415,0x100,6363636363636363,FREQ_ANOMALY,count_in_2.0s=377 thresh=80
1772062242.3795018,0x100,6363636363636363,FREQ_ANOMALY,count_in_2.0s=378 thresh=80
1772062242.3826127,0x300,0101010101010101,,
1772062242.3846092,0x100,6363636363636363,FREQ_ANOMALY,count_in_2.0s=379 thresh=80
1772062242.390351,0x100,6363636363636363,FREQ_ANOMALY,count_in_2.0s=380 thresh=80
1772062242.3959794,0x100,6363636363636363,FREQ_ANOMALY,count_in_2.0s=380 thresh=80
1772062242.4014468,0x100,6363636363636363,FREQ_ANOMALY,count_in_2.0s=381 thresh=80
1772062242.4070277,0x100,6363636363636363,FREQ_ANOMALY,count_in_2.0s=382 thresh=80
1772062242.4122088,0x100,6363636363636363,FREQ_ANOMALY,count_in_2.0s=383 thresh=80
1772062242.4174,0x100,6363636363636363,FREQ_ANOMALY,count_in_2.0s=384 thresh=80
1772062242.4178045,0x100,0a00000000000000,FREQ_ANOMALY,count_in_2.0s=385 thresh=80
1772062242.4178584,0x200,0001020304050607,,
1772062242.4229186,0x100,6363636363636363,FREQ_ANOMALY,count_in_2.0s=386 thresh=80
1772062242.4283204,0x100,6363636363636363,FREQ_ANOMALY,count_in_2.0s=387 thresh=80
1772062242.4338937,0x100,6363636363636363,FREQ_ANOMALY,count_in_2.0s=388 thresh=80
1772062242.4395247,0x100,6363636363636363,FREQ_ANOMALY,count_in_2.0s=389 thresh=80
1772062242.4449272,0x100,6363636363636363,FREQ_ANOMALY,count_in_2.0s=389 thresh=80
1772062242.4506297,0x100,6363636363636363,FREQ_ANOMALY,count_in_2.0s=390 thresh=80
1772062242.4560456,0x100,6363636363636363,FREQ_ANOMALY,count_in_2.0s=391 thresh=80
1772062242.4611917,0x100,6363636363636363,FREQ_ANOMALY,count_in_2.0s=392 thresh=80
1772062242.4667494,0x100,6363636363636363,FREQ_ANOMALY,count_in_2.0s=393 thresh=80
1772062242.468746,0x100,0a00000000000000,FREQ_ANOMALY,count_in_2.0s=394 thresh=80
1772062242.4723513,0x100,6363636363636363,FREQ_ANOMALY,count_in_2.0s=395 thresh=80
1772062242.4776,0x100,6363636363636363,FREQ_ANOMALY,count_in_2.0s=396 thresh=80
1772062242.483162,0x100,6363636363636363,FREQ_ANOMALY,count_in_2.0s=397 thresh=80
1772062242.4887927,0x100,6363636363636363,FREQ_ANOMALY,count_in_2.0s=398 thresh=80
1772062242.4944816,0x100,6363636363636363,FREQ_ANOMALY,count_in_2.0s=398 thresh=80
1772062242.5000002,0x100,6363636363636363,FREQ_ANOMALY,count_in_2.0s=399 thresh=80
1772062242.5056283,0x100,6363636363636363,FREQ_ANOMALY,count_in_2.0s=400 thresh=80
1772062242.5112202,0x100,6363636363636363,FREQ_ANOMALY,count_in_2.0s=401 thresh=80
1772062242.5167685,0x100,6363636363636363,FREQ_ANOMALY,count_in_2.0s=402 thresh=80
1772062242.519427,0x100,0a00000000000000,FREQ_ANOMALY,count_in_2.0s=403 thresh=80
1772062242.5195181,0x200,0001020304050607,,
1772062242.5223942,0x100,6363636363636363,FREQ_ANOMALY,count_in_2.0s=404 thresh=80
1772062242.5276265,0x100,6363636363636363,FREQ_ANOMALY,count_in_2.0s=405 thresh=80
1772062242.5331655,0x100,6363636363636363,FREQ_ANOMALY,count_in_2.0s=406 thresh=80
1772062242.5384765,0x100,6363636363636363,FREQ_ANOMALY,count_in_2.0s=407 thresh=80
1772062242.5440598,0x100,6363636363636363,FREQ_ANOMALY,count_in_2.0s=408 thresh=80
1772062242.5492191,0x100,6363636363636363,FREQ_ANOMALY,count_in_2.0s=407 thresh=80
1772062242.5543704,0x100,6363636363636363,FREQ_ANOMALY,count_in_2.0s=407 thresh=80
1772062242.5594838,0x100,6363636363636363,FREQ_ANOMALY,count_in_2.0s=407 thresh=80
1772062242.5650718,0x100,6363636363636363,FREQ_ANOMALY,count_in_2.0s=407 thresh=80
1772062242.5702467,0x100,6363636363636363,FREQ_ANOMALY,count_in_2.0s=407 thresh=80
1772062242.57037,0x100,0a00000000000000,FREQ_ANOMALY,count_in_2.0s=408 thresh=80
1772062242.5753446,0x100,6363636363636363,FREQ_ANOMALY,count_in_2.0s=408 thresh=80
1772062242.581041,0x100,6363636363636363,FREQ_ANOMALY,count_in_2.0s=408 thresh=80
1772062242.5840328,0x300,0101010101010101,,
1772062242.5861216,0x100,6363636363636363,FREQ_ANOMALY,count_in_2.0s=408 thresh=80
1772062242.5912392,0x100,6363636363636363,FREQ_ANOMALY,count_in_2.0s=408 thresh=80
1772062242.596992,0x100,6363636363636363,FREQ_ANOMALY,count_in_2.0s=407 thresh=80
1772062242.6024613,0x100,6363636363636363,FREQ_ANOMALY,count_in_2.0s=407 thresh=80
1772062242.6079783,0x100,6363636363636363,FREQ_ANOMALY,count_in_2.0s=407 thresh=80
1772062242.6139238,0x100,6363636363636363,FREQ_ANOMALY,count_in_2.0s=407 thresh=80
1772062242.61956,0x100,6363636363636363,FREQ_ANOMALY,count_in_2.0s=407 thresh=80
1772062242.6199734,0x200,0001020304050607,,
1772062242.6214862,0x100,0a00000000000000,FREQ_ANOMALY,count_in_2.0s=408 thresh=80
1772062242.625116,0x100,6363636363636363,FREQ_ANOMALY,count_in_2.0s=408 thresh=80
1772062242.6302476,0x100,6363636363636363,FREQ_ANOMALY,count_in_2.0s=408 thresh=80
1772062242.6358407,0x100,6363636363636363,FREQ_ANOMALY,count_in_2.0s=408 thresh=80
1772062242.6414292,0x100,6363636363636363,FREQ_ANOMALY,count_in_2.0s=408 thresh=80
1772062242.6466205,0x100,6363636363636363,FREQ_ANOMALY,count_in_2.0s=407 thresh=80
1772062242.6521702,0x100,6363636363636363,FREQ_ANOMALY,count_in_2.0s=407 thresh=80
1772062242.6577156,0x100,6363636363636363,FREQ_ANOMALY,count_in_2.0s=407 thresh=80
1772062242.6632123,0x100,6363636363636363,FREQ_ANOMALY,count_in_2.0s=407 thresh=80
1772062242.6687818,0x100,6363636363636363,FREQ_ANOMALY,count_in_2.0s=407 thresh=80
1772062242.6722732,0x100,0a00000000000000,FREQ_ANOMALY,count_in_2.0s=408 thresh=80
1772062242.6741333,0x100,6363636363636363,FREQ_ANOMALY,count_in_2.0s=408 thresh=80
1772062242.679515,0x100,6363636363636363,FREQ_ANOMALY,count_in_2.0s=408 thresh=80
1772062242.6851668,0x100,6363636363636363,FREQ_ANOMALY,count_in_2.0s=408 thresh=80
1772062242.690518,0x100,6363636363636363,FREQ_ANOMALY,count_in_2.0s=408 thresh=80
1772062242.6961825,0x100,6363636363636363,FREQ_ANOMALY,count_in_2.0s=408 thresh=80
1772062242.701629,0x100,6363636363636363,FREQ_ANOMALY,count_in_2.0s=407 thresh=80
1772062242.7071598,0x100,6363636363636363,FREQ_ANOMALY,count_in_2.0s=407 thresh=80
1772062242.7127159,0x100,6363636363636363,FREQ_ANOMALY,count_in_2.0s=407 thresh=80
1772062242.7178571,0x100,6363636363636363,FREQ_ANOMALY,count_in_2.0s=407 thresh=80
1772062242.7213147,0x200,0001020304050607,,
1772062242.7228186,0x100,0a00000000000000,FREQ_ANOMALY,count_in_2.0s=407 thresh=80
1772062242.7233171,0x100,6363636363636363,FREQ_ANOMALY,count_in_2.0s=408 thresh=80
1772062242.7284505,0x100,6363636363636363,FREQ_ANOMALY,count_in_2.0s=408 thresh=80
1772062242.733986,0x100,6363636363636363,FREQ_ANOMALY,count_in_2.0s=408 thresh=80
1772062242.7390995,0x100,6363636363636363,FREQ_ANOMALY,count_in_2.0s=409 thresh=80
1772062242.7443633,0x100,6363636363636363,FREQ_ANOMALY,count_in_2.0s=409 thresh=80
1772062242.7494802,0x100,6363636363636363,FREQ_ANOMALY,count_in_2.0s=408 thresh=80
1772062242.755085,0x100,6363636363636363,FREQ_ANOMALY,count_in_2.0s=408 thresh=80
1772062242.7606525,0x100,6363636363636363,FREQ_ANOMALY,count_in_2.0s=408 thresh=80
1772062242.7662969,0x100,6363636363636363,FREQ_ANOMALY,count_in_2.0s=407 thresh=80
1772062242.7719343,0x100,6363636363636363,FREQ_ANOMALY,count_in_2.0s=407 thresh=80
1772062242.773371,0x100,0a00000000000000,FREQ_ANOMALY,count_in_2.0s=408 thresh=80
1772062242.7775803,0x100,6363636363636363,FREQ_ANOMALY,count_in_2.0s=408 thresh=80
1772062242.7826695,0x100,6363636363636363,FREQ_ANOMALY,count_in_2.0s=408 thresh=80
1772062242.7843633,0x300,0101010101010101,,
1772062242.7879286,0x100,6363636363636363,FREQ_ANOMALY,count_in_2.0s=408 thresh=80
1772062242.7935834,0x100,6363636363636363,FREQ_ANOMALY,count_in_2.0s=408 thresh=80
1772062242.7986605,0x100,6363636363636363,FREQ_ANOMALY,count_in_2.0s=407 thresh=80
1772062242.8042324,0x100,6363636363636363,FREQ_ANOMALY,count_in_2.0s=407 thresh=80
1772062242.8097713,0x100,6363636363636363,FREQ_ANOMALY,count_in_2.0s=407 thresh=80
1772062242.8149207,0x100,6363636363636363,FREQ_ANOMALY,count_in_2.0s=407 thresh=80
1772062242.8200383,0x100,6363636363636363,FREQ_ANOMALY,count_in_2.0s=408 thresh=80
1772062242.8225372,0x200,0001020304050607,,
1772062242.8240361,0x100,0a00000000000000,FREQ_ANOMALY,count_in_2.0s=408 thresh=80
1772062242.8255699,0x100,6363636363636363,FREQ_ANOMALY,count_in_2.0s=409 thresh=80
1772062242.8307903,0x100,6363636363636363,FREQ_ANOMALY,count_in_2.0s=409 thresh=80
1772062242.8365772,0x100,6363636363636363,FREQ_ANOMALY,count_in_2.0s=409 thresh=80
1772062242.84201,0x100,6363636363636363,FREQ_ANOMALY,count_in_2.0s=409 thresh=80
1772062242.8472157,0x100,6363636363636363,FREQ_ANOMALY,count_in_2.0s=409 thresh=80
1772062242.8528123,0x100,6363636363636363,FREQ_ANOMALY,count_in_2.0s=408 thresh=80
1772062242.8579135,0x100,6363636363636363,FREQ_ANOMALY,count_in_2.0s=408 thresh=80
1772062242.8630836,0x100,6363636363636363,FREQ_ANOMALY,count_in_2.0s=408 thresh=80
1772062242.86872,0x100,6363636363636363,FREQ_ANOMALY,count_in_2.0s=408 thresh=80
1772062242.8743105,0x100,0a00000000000000,FREQ_ANOMALY,count_in_2.0s=408 thresh=80
1772062242.874413,0x100,6363636363636363,FREQ_ANOMALY,count_in_2.0s=409 thresh=80
1772062242.879408,0x100,6363636363636363,FREQ_ANOMALY,count_in_2.0s=409 thresh=80
1772062242.8849807,0x100,6363636363636363,FREQ_ANOMALY,count_in_2.0s=409 thresh=80
1772062242.890179,0x100,6363636363636363,FREQ_ANOMALY,count_in_2.0s=409 thresh=80
1772062242.8957822,0x100,6363636363636363,FREQ_ANOMALY,count_in_2.0s=409 thresh=80
1772062242.9009624,0x100,6363636363636363,FREQ_ANOMALY,count_in_2.0s=408 thresh=80
1772062242.9064384,0x100,6363636363636363,FREQ_ANOMALY,count_in_2.0s=408 thresh=80
1772062242.9120567,0x100,6363636363636363,FREQ_ANOMALY,count_in_2.0s=408 thresh=80
1772062242.9176538,0x100,6363636363636363,FREQ_ANOMALY,count_in_2.0s=407 thresh=80
1772062242.9228544,0x100,6363636363636363,FREQ_ANOMALY,count_in_2.0s=408 thresh=80
1772062242.923729,0x200,0001020304050607,,
1772062242.9252274,0x100,0a00000000000000,FREQ_ANOMALY,count_in_2.0s=408 thresh=80
1772062242.9283433,0x100,6363636363636363,FREQ_ANOMALY,count_in_2.0s=409 thresh=80
1772062242.933454,0x100,6363636363636363,FREQ_ANOMALY,count_in_2.0s=409 thresh=80
1772062242.9391294,0x100,6363636363636363,FREQ_ANOMALY,count_in_2.0s=409 thresh=80
1772062242.94462,0x100,6363636363636363,FREQ_ANOMALY,count_in_2.0s=409 thresh=80
1772062242.950403,0x100,6363636363636363,FREQ_ANOMALY,count_in_2.0s=408 thresh=80
1772062242.9559743,0x100,6363636363636363,FREQ_ANOMALY,count_in_2.0s=408 thresh=80
1772062242.9616497,0x100,6363636363636363,FREQ_ANOMALY,count_in_2.0s=407 thresh=80
1772062242.9672391,0x100,6363636363636363,FREQ_ANOMALY,count_in_2.0s=407 thresh=80
1772062242.9727979,0x100,6363636363636363,FREQ_ANOMALY,count_in_2.0s=407 thresh=80
1772062242.9763715,0x100,0a00000000000000,FREQ_ANOMALY,count_in_2.0s=408 thresh=80
1772062242.9779532,0x100,6363636363636363,FREQ_ANOMALY,count_in_2.0s=409 thresh=80
1772062242.9831233,0x100,6363636363636363,FREQ_ANOMALY,count_in_2.0s=409 thresh=80
1772062242.9857178,0x300,0101010101010101,,
1772062242.988735,0x100,6363636363636363,FREQ_ANOMALY,count_in_2.0s=409 thresh=80
1772062242.993876,0x100,6363636363636363,FREQ_ANOMALY,count_in_2.0s=409 thresh=80
1772062242.9990537,0x100,6363636363636363,FREQ_ANOMALY,count_in_2.0s=409 thresh=80
1772062243.00458,0x100,6363636363636363,FREQ_ANOMALY,count_in_2.0s=408 thresh=80
1772062243.0101707,0x100,6363636363636363,FREQ_ANOMALY,count_in_2.0s=408 thresh=80
1772062243.0153775,0x100,6363636363636363,FREQ_ANOMALY,count_in_2.0s=408 thresh=80
1772062243.0209622,0x100,6363636363636363,FREQ_ANOMALY,count_in_2.0s=408 thresh=80
1772062243.0239894,0x200,0001020304050607,,
1772062243.0260878,0x100,6363636363636363,FREQ_ANOMALY,count_in_2.0s=408 thresh=80
1772062243.0271542,0x100,0a00000000000000,FREQ_ANOMALY,count_in_2.0s=408 thresh=80
1772062243.0312948,0x100,6363636363636363,FREQ_ANOMALY,count_in_2.0s=409 thresh=80
1772062243.0368395,0x100,6363636363636363,FREQ_ANOMALY,count_in_2.0s=409 thresh=80
1772062243.0420141,0x100,6363636363636363,FREQ_ANOMALY,count_in_2.0s=409 thresh=80
1772062243.0471373,0x100,6363636363636363,FREQ_ANOMALY,count_in_2.0s=409 thresh=80
1772062243.0527866,0x100,6363636363636363,FREQ_ANOMALY,count_in_2.0s=408 thresh=80
1772062243.058317,0x100,6363636363636363,FREQ_ANOMALY,count_in_2.0s=408 thresh=80
1772062243.063869,0x100,6363636363636363,FREQ_ANOMALY,count_in_2.0s=408 thresh=80
1772062243.0695088,0x100,6363636363636363,FREQ_ANOMALY,count_in_2.0s=408 thresh=80
1772062243.0748723,0x100,6363636363636363,FREQ_ANOMALY,count_in_2.0s=408 thresh=80
1772062243.0778642,0x100,0a00000000000000,FREQ_ANOMALY,count_in_2.0s=408 thresh=80
1772062243.0799398,0x100,6363636363636363,FREQ_ANOMALY,count_in_2.0s=409 thresh=80
1772062243.0855358,0x100,6363636363636363,FREQ_ANOMALY,count_in_2.0s=409 thresh=80
1772062243.090728,0x100,6363636363636363,FREQ_ANOMALY,count_in_2.0s=409 thresh=80
1772062243.0962946,0x100,6363636363636363,FREQ_ANOMALY,count_in_2.0s=409 thresh=80
1772062243.1015003,0x100,6363636363636363,FREQ_ANOMALY,count_in_2.0s=408 thresh=80
1772062243.10662,0x100,6363636363636363,FREQ_ANOMALY,count_in_2.0s=408 thresh=80
1772062243.1121657,0x100,6363636363636363,FREQ_ANOMALY,count_in_2.0s=408 thresh=80
1772062243.1172628,0x100,6363636363636363,FREQ_ANOMALY,count_in_2.0s=408 thresh=80
1772062243.1229465,0x100,6363636363636363,FREQ_ANOMALY,count_in_2.0s=408 thresh=80
1772062243.1253664,0x200,0001020304050607,,
1772062243.1284907,0x100,0a00000000000000,FREQ_ANOMALY,count_in_2.0s=408 thresh=80
1772062243.1286094,0x100,6363636363636363,FREQ_ANOMALY,count_in_2.0s=409 thresh=80
1772062243.134063,0x100,6363636363636363,FREQ_ANOMALY,count_in_2.0s=409 thresh=80
1772062243.1392927,0x100,6363636363636363,FREQ_ANOMALY,count_in_2.0s=409 thresh=80
1772062243.1449609,0x100,6363636363636363,FREQ_ANOMALY,count_in_2.0s=409 thresh=80
1772062243.1505232,0x100,6363636363636363,FREQ_ANOMALY,count_in_2.0s=409 thresh=80
1772062243.1560955,0x100,6363636363636363,FREQ_ANOMALY,count_in_2.0s=408 thresh=80
1772062243.161283,0x100,6363636363636363,FREQ_ANOMALY,count_in_2.0s=408 thresh=80
1772062243.1669524,0x100,6363636363636363,FREQ_ANOMALY,count_in_2.0s=408 thresh=80
1772062243.1725404,0x100,6363636363636363,FREQ_ANOMALY,count_in_2.0s=408 thresh=80
1772062243.1780748,0x100,6363636363636363,FREQ_ANOMALY,count_in_2.0s=408 thresh=80
1772062243.17906,0x100,0a00000000000000,FREQ_ANOMALY,count_in_2.0s=409 thresh=80
1772062243.183622,0x100,6363636363636363,FREQ_ANOMALY,count_in_2.0s=409 thresh=80
1772062243.1866279,0x300,0101010101010101,,
1772062243.1887028,0x100,6363636363636363,FREQ_ANOMALY,count_in_2.0s=409 thresh=80
1772062243.194345,0x100,6363636363636363,FREQ_ANOMALY,count_in_2.0s=409 thresh=80
1772062243.1995296,0x100,6363636363636363,FREQ_ANOMALY,count_in_2.0s=409 thresh=80
1772062243.2062082,0x100,6363636363636363,FREQ_ANOMALY,count_in_2.0s=408 thresh=80
1772062243.2117796,0x100,6363636363636363,FREQ_ANOMALY,count_in_2.0s=408 thresh=80
1772062243.2174892,0x100,6363636363636363,FREQ_ANOMALY,count_in_2.0s=408 thresh=80
1772062243.2231324,0x100,6363636363636363,FREQ_ANOMALY,count_in_2.0s=408 thresh=80
1772062243.2261581,0x200,0001020304050607,,
1772062243.22829,0x100,6363636363636363,FREQ_ANOMALY,count_in_2.0s=408 thresh=80
1772062243.2295551,0x100,0a00000000000000,FREQ_ANOMALY,count_in_2.0s=409 thresh=80
1772062243.2338276,0x100,6363636363636363,FREQ_ANOMALY,count_in_2.0s=409 thresh=80
1772062243.2393188,0x100,6363636363636363,FREQ_ANOMALY,count_in_2.0s=409 thresh=80
1772062243.244898,0x100,6363636363636363,FREQ_ANOMALY,count_in_2.0s=409 thresh=80
1772062243.2501976,0x100,6363636363636363,FREQ_ANOMALY,count_in_2.0s=409 thresh=80
1772062243.2558033,0x100,6363636363636363,FREQ_ANOMALY,count_in_2.0s=408 thresh=80
1772062243.261452,0x100,6363636363636363,FREQ_ANOMALY,count_in_2.0s=408 thresh=80
1772062243.2670944,0x100,6363636363636363,FREQ_ANOMALY,count_in_2.0s=408 thresh=80
1772062243.2726989,0x100,6363636363636363,FREQ_ANOMALY,count_in_2.0s=408 thresh=80
1772062243.2783248,0x100,6363636363636363,FREQ_ANOMALY,count_in_2.0s=408 thresh=80
1772062243.2797818,0x100,0a00000000000000,FREQ_ANOMALY,count_in_2.0s=408 thresh=80
1772062243.2834666,0x100,6363636363636363,FREQ_ANOMALY,count_in_2.0s=409 thresh=80
1772062243.2891765,0x100,6363636363636363,FREQ_ANOMALY,count_in_2.0s=409 thresh=80
1772062243.2950134,0x100,6363636363636363,FREQ_ANOMALY,count_in_2.0s=409 thresh=80
1772062243.300463,0x100,6363636363636363,FREQ_ANOMALY,count_in_2.0s=409 thresh=80
1772062243.3060946,0x100,6363636363636363,FREQ_ANOMALY,count_in_2.0s=408 thresh=80
1772062243.3112354,0x100,6363636363636363,FREQ_ANOMALY,count_in_2.0s=408 thresh=80
1772062243.3163438,0x100,6363636363636363,FREQ_ANOMALY,count_in_2.0s=408 thresh=80
1772062243.321628,0x100,6363636363636363,FREQ_ANOMALY,count_in_2.0s=408 thresh=80
1772062243.3270874,0x200,0001020304050607,,
1772062243.327127,0x100,6363636363636363,FREQ_ANOMALY,count_in_2.0s=408 thresh=80
1772062243.3301253,0x100,0a00000000000000,FREQ_ANOMALY,count_in_2.0s=408 thresh=80
1772062243.332654,0x100,6363636363636363,FREQ_ANOMALY,count_in_2.0s=409 thresh=80
1772062243.3378181,0x100,6363636363636363,FREQ_ANOMALY,count_in_2.0s=409 thresh=80
1772062243.3429046,0x100,6363636363636363,FREQ_ANOMALY,count_in_2.0s=409 thresh=80
1772062243.348511,0x100,6363636363636363,FREQ_ANOMALY,count_in_2.0s=409 thresh=80
1772062243.353705,0x100,6363636363636363,FREQ_ANOMALY,count_in_2.0s=409 thresh=80
1772062243.359301,0x100,6363636363636363,FREQ_ANOMALY,count_in_2.0s=408 thresh=80
1772062243.3647969,0x100,6363636363636363,FREQ_ANOMALY,count_in_2.0s=408 thresh=80
1772062243.3704557,0x100,6363636363636363,FREQ_ANOMALY,count_in_2.0s=408 thresh=80
1772062243.3759716,0x100,6363636363636363,FREQ_ANOMALY,count_in_2.0s=408 thresh=80
1772062243.380606,0x100,0a00000000000000,FREQ_ANOMALY,count_in_2.0s=408 thresh=80
1772062243.3811097,0x100,6363636363636363,FREQ_ANOMALY,count_in_2.0s=409 thresh=80
1772062243.3863428,0x100,6363636363636363,FREQ_ANOMALY,count_in_2.0s=409 thresh=80
1772062243.3867145,0x300,0101010101010101,,
1772062243.3923457,0x100,6363636363636363,FREQ_ANOMALY,count_in_2.0s=409 thresh=80
1772062243.3974938,0x100,6363636363636363,FREQ_ANOMALY,count_in_2.0s=409 thresh=80
1772062243.4030313,0x100,6363636363636363,FREQ_ANOMALY,count_in_2.0s=409 thresh=80
1772062243.408131,0x100,6363636363636363,FREQ_ANOMALY,count_in_2.0s=408 thresh=80
1772062243.413693,0x100,6363636363636363,FREQ_ANOMALY,count_in_2.0s=408 thresh=80
1772062243.4189074,0x100,6363636363636363,FREQ_ANOMALY,count_in_2.0s=408 thresh=80
1772062243.424412,0x100,6363636363636363,FREQ_ANOMALY,count_in_2.0s=408 thresh=80
1772062243.4275303,0x200,0001020304050607,,
1772062243.4296749,0x100,6363636363636363,FREQ_ANOMALY,count_in_2.0s=408 thresh=80
1772062243.4305854,0x100,0a00000000000000,FREQ_ANOMALY,count_in_2.0s=409 thresh=80
1772062243.43521,0x100,6363636363636363,FREQ_ANOMALY,count_in_2.0s=409 thresh=80
1772062243.4402876,0x100,6363636363636363,FREQ_ANOMALY,count_in_2.0s=409 thresh=80
1772062243.4458554,0x100,6363636363636363,FREQ_ANOMALY,count_in_2.0s=409 thresh=80
1772062243.4514525,0x100,6363636363636363,FREQ_ANOMALY,count_in_2.0s=409 thresh=80
1772062243.4566984,0x100,6363636363636363,FREQ_ANOMALY,count_in_2.0s=408 thresh=80
1772062243.462286,0x100,6363636363636363,FREQ_ANOMALY,count_in_2.0s=408 thresh=80
1772062243.4673624,0x100,6363636363636363,FREQ_ANOMALY,count_in_2.0s=408 thresh=80
1772062243.4725232,0x100,6363636363636363,FREQ_ANOMALY,count_in_2.0s=408 thresh=80
1772062243.4782116,0x100,6363636363636363,FREQ_ANOMALY,count_in_2.0s=408 thresh=80
1772062243.4812527,0x100,0a00000000000000,FREQ_ANOMALY,count_in_2.0s=409 thresh=80
1772062243.483684,0x100,6363636363636363,FREQ_ANOMALY,count_in_2.0s=409 thresh=80
1772062243.488814,0x100,6363636363636363,FREQ_ANOMALY,count_in_2.0s=409 thresh=80
1772062243.4943533,0x100,6363636363636363,FREQ_ANOMALY,count_in_2.0s=409 thresh=80
1772062243.4994228,0x100,6363636363636363,FREQ_ANOMALY,count_in_2.0s=409 thresh=80
1772062243.504534,0x100,6363636363636363,FREQ_ANOMALY,count_in_2.0s=409 thresh=80
1772062243.5097938,0x100,6363636363636363,FREQ_ANOMALY,count_in_2.0s=408 thresh=80
1772062243.5153573,0x100,6363636363636363,FREQ_ANOMALY,count_in_2.0s=408 thresh=80
1772062243.5205016,0x100,6363636363636363,FREQ_ANOMALY,count_in_2.0s=408 thresh=80
1772062243.5260577,0x100,6363636363636363,FREQ_ANOMALY,count_in_2.0s=408 thresh=80
1772062243.5280664,0x200,0001020304050607,,
1772062243.5313098,0x100,6363636363636363,FREQ_ANOMALY,count_in_2.0s=408 thresh=80
1772062243.5314033,0x100,0a00000000000000,FREQ_ANOMALY,count_in_2.0s=409 thresh=80
1772062243.5366287,0x100,6363636363636363,FREQ_ANOMALY,count_in_2.0s=409 thresh=80
1772062243.541748,0x100,6363636363636363,FREQ_ANOMALY,count_in_2.0s=409 thresh=80
1772062243.5473104,0x100,6363636363636363,FREQ_ANOMALY,count_in_2.0s=409 thresh=80
1772062243.5528681,0x100,6363636363636363,FREQ_ANOMALY,count_in_2.0s=409 thresh=80
1772062243.5579677,0x100,6363636363636363,FREQ_ANOMALY,count_in_2.0s=408 thresh=80
1772062243.5636237,0x100,6363636363636363,FREQ_ANOMALY,count_in_2.0s=408 thresh=80
1772062243.5687928,0x100,6363636363636363,FREQ_ANOMALY,count_in_2.0s=408 thresh=80
1772062243.5743332,0x100,6363636363636363,FREQ_ANOMALY,count_in_2.0s=408 thresh=80
1772062243.579877,0x100,6363636363636363,FREQ_ANOMALY,count_in_2.0s=408 thresh=80
1772062243.582357,0x100,0a00000000000000,FREQ_ANOMALY,count_in_2.0s=409 thresh=80
1772062243.5850189,0x100,6363636363636363,FREQ_ANOMALY,count_in_2.0s=409 thresh=80
1772062243.586945,0x300,0101010101010101,,
1772062243.5907352,0x100,6363636363636363,FREQ_ANOMALY,count_in_2.0s=409 thresh=80
1772062243.5959585,0x100,6363636363636363,FREQ_ANOMALY,count_in_2.0s=409 thresh=80
1772062243.6010911,0x100,6363636363636363,FREQ_ANOMALY,count_in_2.0s=409 thresh=80
1772062243.6066113,0x100,6363636363636363,FREQ_ANOMALY,count_in_2.0s=409 thresh=80
1772062243.6117947,0x100,6363636363636363,FREQ_ANOMALY,count_in_2.0s=408 thresh=80
1772062243.6173692,0x100,6363636363636363,FREQ_ANOMALY,count_in_2.0s=408 thresh=80
1772062243.6229362,0x100,6363636363636363,FREQ_ANOMALY,count_in_2.0s=408 thresh=80
1772062243.6280484,0x100,6363636363636363,FREQ_ANOMALY,count_in_2.0s=408 thresh=80
1772062243.6285417,0x200,0001020304050607,,
1772062243.6332557,0x100,0a00000000000000,FREQ_ANOMALY,count_in_2.0s=408 thresh=80
1772062243.6333876,0x100,6363636363636363,FREQ_ANOMALY,count_in_2.0s=409 thresh=80
1772062243.6388361,0x100,6363636363636363,FREQ_ANOMALY,count_in_2.0s=409 thresh=80
1772062243.643981,0x100,6363636363636363,FREQ_ANOMALY,count_in_2.0s=409 thresh=80
1772062243.6495507,0x100,6363636363636363,FREQ_ANOMALY,count_in_2.0s=409 thresh=80
1772062243.6552413,0x100,6363636363636363,FREQ_ANOMALY,count_in_2.0s=409 thresh=80
1772062243.6606934,0x100,6363636363636363,FREQ_ANOMALY,count_in_2.0s=408 thresh=80
1772062243.6662307,0x100,6363636363636363,FREQ_ANOMALY,count_in_2.0s=408 thresh=80
1772062243.671434,0x100,6363636363636363,FREQ_ANOMALY,count_in_2.0s=408 thresh=80
1772062243.6768618,0x100,6363636363636363,FREQ_ANOMALY,count_in_2.0s=408 thresh=80
1772062243.6824262,0x100,6363636363636363,FREQ_ANOMALY,count_in_2.0s=408 thresh=80
1772062243.6834154,0x100,0a00000000000000,FREQ_ANOMALY,count_in_2.0s=409 thresh=80
1772062243.6875455,0x100,6363636363636363,FREQ_ANOMALY,count_in_2.0s=409 thresh=80
1772062243.6927,0x100,6363636363636363,FREQ_ANOMALY,count_in_2.0s=409 thresh=80
1772062243.6982706,0x100,6363636363636363,FREQ_ANOMALY,count_in_2.0s=409 thresh=80
1772062243.7034152,0x100,6363636363636363,FREQ_ANOMALY,count_in_2.0s=409 thresh=80
1772062243.7085855,0x100,6363636363636363,FREQ_ANOMALY,count_in_2.0s=409 thresh=80
1772062243.714144,0x100,6363636363636363,FREQ_ANOMALY,count_in_2.0s=408 thresh=80
1772062243.7198303,0x100,6363636363636363,FREQ_ANOMALY,count_in_2.0s=408 thresh=80
1772062243.724991,0x100,6363636363636363,FREQ_ANOMALY,count_in_2.0s=408 thresh=80
1772062243.7290459,0x200,0001020304050607,,
1772062243.730569,0x100,6363636363636363,FREQ_ANOMALY,count_in_2.0s=408 thresh=80
1772062243.73383,0x100,0a00000000000000,FREQ_ANOMALY,count_in_2.0s=409 thresh=80
1772062243.735902,0x100,6363636363636363,FREQ_ANOMALY,count_in_2.0s=409 thresh=80
1772062243.7415164,0x100,6363636363636363,FREQ_ANOMALY,count_in_2.0s=409 thresh=80
1772062243.746616,0x100,6363636363636363,FREQ_ANOMALY,count_in_2.0s=409 thresh=80
1772062243.7521253,0x100,6363636363636363,FREQ_ANOMALY,count_in_2.0s=409 thresh=80
1772062243.7576973,0x100,6363636363636363,FREQ_ANOMALY,count_in_2.0s=409 thresh=80
1772062243.7633271,0x100,6363636363636363,FREQ_ANOMALY,count_in_2.0s=408 thresh=80
1772062243.7684813,0x100,6363636363636363,FREQ_ANOMALY,count_in_2.0s=408 thresh=80
1772062243.7740705,0x100,6363636363636363,FREQ_ANOMALY,count_in_2.0s=408 thresh=80
1772062243.7791958,0x100,6363636363636363,FREQ_ANOMALY,count_in_2.0s=408 thresh=80
1772062243.7848434,0x100,0a00000000000000,FREQ_ANOMALY,count_in_2.0s=408 thresh=80
1772062243.784951,0x100,6363636363636363,FREQ_ANOMALY,count_in_2.0s=409 thresh=80
1772062243.7878795,0x300,0101010101010101,,
1772062243.7904017,0x100,6363636363636363,FREQ_ANOMALY,count_in_2.0s=409 thresh=80
1772062243.796053,0x100,6363636363636363,FREQ_ANOMALY,count_in_2.0s=409 thresh=80
1772062243.8017075,0x100,6363636363636363,FREQ_ANOMALY,count_in_2.0s=409 thresh=80
1772062243.8071826,0x100,6363636363636363,FREQ_ANOMALY,count_in_2.0s=409 thresh=80
1772062243.8123183,0x100,6363636363636363,FREQ_ANOMALY,count_in_2.0s=408 thresh=80
1772062243.8174148,0x100,6363636363636363,FREQ_ANOMALY,count_in_2.0s=408 thresh=80
1772062243.8225808,0x100,6363636363636363,FREQ_ANOMALY,count_in_2.0s=408 thresh=80
1772062243.828099,0x100,6363636363636363,FREQ_ANOMALY,count_in_2.0s=408 thresh=80
1772062243.8301182,0x200,0001020304050607,,
1772062243.833639,0x100,6363636363636363,FREQ_ANOMALY,count_in_2.0s=408 thresh=80
1772062243.8361633,0x100,0a00000000000000,FREQ_ANOMALY,count_in_2.0s=409 thresh=80
1772062243.8392117,0x100,6363636363636363,FREQ_ANOMALY,count_in_2.0s=409 thresh=80
1772062243.8444176,0x100,6363636363636363,FREQ_ANOMALY,count_in_2.0s=409 thresh=80
1772062243.8499866,0x100,6363636363636363,FREQ_ANOMALY,count_in_2.0s=409 thresh=80
1772062243.8555474,0x100,6363636363636363,FREQ_ANOMALY,count_in_2.0s=409 thresh=80
1772062243.8606925,0x100,6363636363636363,FREQ_ANOMALY,count_in_2.0s=409 thresh=80
1772062243.8657885,0x100,6363636363636363,FREQ_ANOMALY,count_in_2.0s=408 thresh=80
1772062243.8713276,0x100,6363636363636363,FREQ_ANOMALY,count_in_2.0s=408 thresh=80
1772062243.8768804,0x100,6363636363636363,FREQ_ANOMALY,count_in_2.0s=408 thresh=80
1772062243.882493,0x100,6363636363636363,FREQ_ANOMALY,count_in_2.0s=408 thresh=80
1772062243.8864534,0x100,0a00000000000000,FREQ_ANOMALY,count_in_2.0s=409 thresh=80
1772062243.8880045,0x100,6363636363636363,FREQ_ANOMALY,count_in_2.0s=409 thresh=80
1772062243.8936002,0x100,6363636363636363,FREQ_ANOMALY,count_in_2.0s=409 thresh=80
1772062243.8996165,0x100,6363636363636363,FREQ_ANOMALY,count_in_2.0s=409 thresh=80
1772062243.9046974,0x100,6363636363636363,FREQ_ANOMALY,count_in_2.0s=409 thresh=80
1772062243.910307,0x100,6363636363636363,FREQ_ANOMALY,count_in_2.0s=409 thresh=80
1772062243.9158635,0x100,6363636363636363,FREQ_ANOMALY,count_in_2.0s=408 thresh=80
1772062243.920999,0x100,6363636363636363,FREQ_ANOMALY,count_in_2.0s=408 thresh=80
1772062243.9261389,0x100,6363636363636363,FREQ_ANOMALY,count_in_2.0s=408 thresh=80
1772062243.9302437,0x200,0001020304050607,,
1772062243.931231,0x100,6363636363636363,FREQ_ANOMALY,count_in_2.0s=408 thresh=80
1772062243.9365535,0x100,6363636363636363,FREQ_ANOMALY,count_in_2.0s=408 thresh=80
1772062243.937912,0x100,0a00000000000000,FREQ_ANOMALY,count_in_2.0s=409 thresh=80
1772062243.9420276,0x100,6363636363636363,FREQ_ANOMALY,count_in_2.0s=409 thresh=80
1772062243.9471896,0x100,6363636363636363,FREQ_ANOMALY,count_in_2.0s=409 thresh=80
1772062243.952331,0x100,6363636363636363,FREQ_ANOMALY,count_in_2.0s=409 thresh=80
1772062243.957934,0x100,6363636363636363,FREQ_ANOMALY,count_in_2.0s=409 thresh=80
1772062243.9630427,0x100,6363636363636363,FREQ_ANOMALY,count_in_2.0s=408 thresh=80
1772062243.9682322,0x100,6363636363636363,FREQ_ANOMALY,count_in_2.0s=408 thresh=80
1772062243.9738362,0x100,6363636363636363,FREQ_ANOMALY,count_in_2.0s=408 thresh=80
1772062243.9790137,0x100,6363636363636363,FREQ_ANOMALY,count_in_2.0s=408 thresh=80
1772062243.9846096,0x100,6363636363636363,FREQ_ANOMALY,count_in_2.0s=408 thresh=80
1772062243.9881363,0x100,0a00000000000000,FREQ_ANOMALY,count_in_2.0s=409 thresh=80
1772062243.9882147,0x300,0101010101010101,,
1772062243.9901474,0x100,6363636363636363,FREQ_ANOMALY,count_in_2.0s=409 thresh=80
1772062243.9958234,0x100,6363636363636363,FREQ_ANOMALY,count_in_2.0s=409 thresh=80
1772062244.0014226,0x100,6363636363636363,FREQ_ANOMALY,count_in_2.0s=409 thresh=80
1772062244.0070155,0x100,6363636363636363,FREQ_ANOMALY,count_in_2.0s=409 thresh=80
1772062244.0123804,0x100,6363636363636363,FREQ_ANOMALY,count_in_2.0s=409 thresh=80
1772062244.0175428,0x100,6363636363636363,FREQ_ANOMALY,count_in_2.0s=408 thresh=80
1772062244.0230916,0x100,6363636363636363,FREQ_ANOMALY,count_in_2.0s=408 thresh=80
1772062244.0283694,0x100,6363636363636363,FREQ_ANOMALY,count_in_2.0s=408 thresh=80
1772062244.031464,0x200,0001020304050607,,
1772062244.0335934,0x100,6363636363636363,FREQ_ANOMALY,count_in_2.0s=408 thresh=80
1772062244.0392003,0x100,6363636363636363,FREQ_ANOMALY,count_in_2.0s=408 thresh=80
1772062244.0393522,0x100,0a00000000000000,FREQ_ANOMALY,count_in_2.0s=409 thresh=80
1772062244.0444098,0x100,6363636363636363,FREQ_ANOMALY,count_in_2.0s=409 thresh=80
1772062244.0499291,0x100,6363636363636363,FREQ_ANOMALY,count_in_2.0s=409 thresh=80
1772062244.0554764,0x100,6363636363636363,FREQ_ANOMALY,count_in_2.0s=409 thresh=80
1772062244.060669,0x100,6363636363636363,FREQ_ANOMALY,count_in_2.0s=409 thresh=80
1772062244.0662599,0x100,6363636363636363,FREQ_ANOMALY,count_in_2.0s=408 thresh=80
1772062244.071805,0x100,6363636363636363,FREQ_ANOMALY,count_in_2.0s=408 thresh=80
1772062244.0773892,0x100,6363636363636363,FREQ_ANOMALY,count_in_2.0s=408 thresh=80
1772062244.0829358,0x100,6363636363636363,FREQ_ANOMALY,count_in_2.0s=408 thresh=80
1772062244.0881639,0x100,6363636363636363,FREQ_ANOMALY,count_in_2.0s=408 thresh=80
1772062244.0895307,0x100,0a00000000000000,FREQ_ANOMALY,count_in_2.0s=409 thresh=80
1772062244.0938637,0x100,6363636363636363,FREQ_ANOMALY,count_in_2.0s=409 thresh=80
1772062244.0989754,0x100,6363636363636363,FREQ_ANOMALY,count_in_2.0s=409 thresh=80
1772062244.1041262,0x100,6363636363636363,FREQ_ANOMALY,count_in_2.0s=409 thresh=80
1772062244.1092465,0x100,6363636363636363,FREQ_ANOMALY,count_in_2.0s=409 thresh=80
1772062244.1143208,0x100,6363636363636363,FREQ_ANOMALY,count_in_2.0s=408 thresh=80
1772062244.119684,0x100,6363636363636363,FREQ_ANOMALY,count_in_2.0s=408 thresh=80
1772062244.12504,0x100,6363636363636363,FREQ_ANOMALY,count_in_2.0s=408 thresh=80
1772062244.1306672,0x100,6363636363636363,FREQ_ANOMALY,count_in_2.0s=408 thresh=80
1772062244.1316628,0x200,0001020304050607,,
1772062244.1362443,0x100,6363636363636363,FREQ_ANOMALY,count_in_2.0s=408 thresh=80
1772062244.140783,0x100,0a00000000000000,FREQ_ANOMALY,count_in_2.0s=409 thresh=80
1772062244.141807,0x100,6363636363636363,FREQ_ANOMALY,count_in_2.0s=409 thresh=80
1772062244.1474268,0x100,6363636363636363,FREQ_ANOMALY,count_in_2.0s=409 thresh=80
1772062244.1530128,0x100,6363636363636363,FREQ_ANOMALY,count_in_2.0s=409 thresh=80
1772062244.1585922,0x100,6363636363636363,FREQ_ANOMALY,count_in_2.0s=409 thresh=80
1772062244.164158,0x100,6363636363636363,FREQ_ANOMALY,count_in_2.0s=408 thresh=80
1772062244.1697793,0x100,6363636363636363,FREQ_ANOMALY,count_in_2.0s=408 thresh=80
1772062244.1752827,0x100,6363636363636363,FREQ_ANOMALY,count_in_2.0s=408 thresh=80
1772062244.180463,0x100,6363636363636363,FREQ_ANOMALY,count_in_2.0s=408 thresh=80
1772062244.185944,0x100,6363636363636363,FREQ_ANOMALY,count_in_2.0s=408 thresh=80
1772062244.189455,0x300,0101010101010101,,
1772062244.190943,0x100,0a00000000000000,FREQ_ANOMALY,count_in_2.0s=408 thresh=80
1772062244.1914513,0x100,6363636363636363,FREQ_ANOMALY,count_in_2.0s=409 thresh=80
1772062244.1965683,0x100,6363636363636363,FREQ_ANOMALY,count_in_2.0s=409 thresh=80
1772062244.2017336,0x100,6363636363636363,FREQ_ANOMALY,count_in_2.0s=410 thresh=80
1772062244.207359,0x100,6363636363636363,FREQ_ANOMALY,count_in_2.0s=410 thresh=80
1772062244.212788,0x100,6363636363636363,FREQ_ANOMALY,count_in_2.0s=410 thresh=80
1772062244.2184424,0x100,6363636363636363,FREQ_ANOMALY,count_in_2.0s=409 thresh=80
1772062244.2240114,0x100,6363636363636363,FREQ_ANOMALY,count_in_2.0s=409 thresh=80
1772062244.2291858,0x100,6363636363636363,FREQ_ANOMALY,count_in_2.0s=409 thresh=80
1772062244.2322443,0x200,0001020304050607,,
1772062244.2343245,0x100,6363636363636363,FREQ_ANOMALY,count_in_2.0s=409 thresh=80
1772062244.2399442,0x100,6363636363636363,FREQ_ANOMALY,count_in_2.0s=409 thresh=80
1772062244.2415214,0x100,0a00000000000000,FREQ_ANOMALY,count_in_2.0s=409 thresh=80
1772062244.2451422,0x100,6363636363636363,FREQ_ANOMALY,count_in_2.0s=410 thresh=80
1772062244.2507305,0x100,6363636363636363,FREQ_ANOMALY,count_in_2.0s=410 thresh=80
1772062244.2558665,0x100,6363636363636363,FREQ_ANOMALY,count_in_2.0s=410 thresh=80
1772062244.261039,0x100,6363636363636363,FREQ_ANOMALY,count_in_2.0s=410 thresh=80
1772062244.266205,0x100,6363636363636363,FREQ_ANOMALY,count_in_2.0s=409 thresh=80
1772062244.2717469,0x100,6363636363636363,FREQ_ANOMALY,count_in_2.0s=409 thresh=80
1772062244.277065,0x100,6363636363636363,FREQ_ANOMALY,count_in_2.0s=409 thresh=80
1772062244.2824414,0x100,6363636363636363,FREQ_ANOMALY,count_in_2.0s=409 thresh=80
1772062244.288114,0x100,6363636363636363,FREQ_ANOMALY,count_in_2.0s=409 thresh=80
1772062244.291557,0x100,0a00000000000000,FREQ_ANOMALY,count_in_2.0s=409 thresh=80
1772062244.2936563,0x100,6363636363636363,FREQ_ANOMALY,count_in_2.0s=410 thresh=80
1772062244.2989104,0x100,6363636363636363,FREQ_ANOMALY,count_in_2.0s=410 thresh=80
1772062244.3043458,0x100,6363636363636363,FREQ_ANOMALY,count_in_2.0s=410 thresh=80
1772062244.309431,0x100,6363636363636363,FREQ_ANOMALY,count_in_2.0s=410 thresh=80
1772062244.3146915,0x100,6363636363636363,FREQ_ANOMALY,count_in_2.0s=410 thresh=80
1772062244.31989,0x100,6363636363636363,FREQ_ANOMALY,count_in_2.0s=409 thresh=80
1772062244.3254805,0x100,6363636363636363,FREQ_ANOMALY,count_in_2.0s=409 thresh=80
1772062244.3310413,0x100,6363636363636363,FREQ_ANOMALY,count_in_2.0s=409 thresh=80
1772062244.3330884,0x200,0001020304050607,,
1772062244.3362868,0x100,6363636363636363,FREQ_ANOMALY,count_in_2.0s=409 thresh=80
1772062244.3415227,0x100,6363636363636363,FREQ_ANOMALY,count_in_2.0s=409 thresh=80
1772062244.3424842,0x100,0a00000000000000,FREQ_ANOMALY,count_in_2.0s=410 thresh=80
1772062244.347119,0x100,6363636363636363,FREQ_ANOMALY,count_in_2.0s=410 thresh=80
1772062244.3522704,0x100,6363636363636363,FREQ_ANOMALY,count_in_2.0s=410 thresh=80
1772062244.3578777,0x100,6363636363636363,FREQ_ANOMALY,count_in_2.0s=410 thresh=80
1772062244.3634512,0x100,6363636363636363,FREQ_ANOMALY,count_in_2.0s=410 thresh=80
1772062244.3686614,0x100,6363636363636363,FREQ_ANOMALY,count_in_2.0s=409 thresh=80
1772062244.3741975,0x100,6363636363636363,FREQ_ANOMALY,count_in_2.0s=409 thresh=80
1772062244.3797722,0x100,6363636363636363,FREQ_ANOMALY,count_in_2.0s=408 thresh=80
1772062244.3849733,0x100,6363636363636363,FREQ_ANOMALY,count_in_2.0s=408 thresh=80
1772062244.389483,0x300,0101010101010101,,
1772062244.3905308,0x100,6363636363636363,FREQ_ANOMALY,count_in_2.0s=408 thresh=80
1772062244.392513,0x100,0a00000000000000,FREQ_ANOMALY,count_in_2.0s=409 thresh=80
1772062244.3961356,0x100,6363636363636363,FREQ_ANOMALY,count_in_2.0s=409 thresh=80
1772062244.4017985,0x100,6363636363636363,FREQ_ANOMALY,count_in_2.0s=409 thresh=80
1772062244.4073958,0x100,6363636363636363,FREQ_ANOMALY,count_in_2.0s=409 thresh=80
1772062244.4129791,0x100,6363636363636363,FREQ_ANOMALY,count_in_2.0s=409 thresh=80
1772062244.4180503,0x100,6363636363636363,FREQ_ANOMALY,count_in_2.0s=408 thresh=80
1772062244.4236388,0x100,6363636363636363,FREQ_ANOMALY,count_in_2.0s=408 thresh=80
1772062244.4287348,0x100,6363636363636363,FREQ_ANOMALY,count_in_2.0s=408 thresh=80
1772062244.4339879,0x200,0001020304050607,,
1772062244.4340296,0x100,6363636363636363,FREQ_ANOMALY,count_in_2.0s=408 thresh=80
1772062244.4395406,0x100,6363636363636363,FREQ_ANOMALY,count_in_2.0s=408 thresh=80
1772062244.4431741,0x100,0a00000000000000,FREQ_ANOMALY,count_in_2.0s=409 thresh=80
1772062244.444704,0x100,6363636363636363,FREQ_ANOMALY,count_in_2.0s=410 thresh=80
1772062244.4503021,0x100,6363636363636363,FREQ_ANOMALY,count_in_2.0s=410 thresh=80
1772062244.4561448,0x100,6363636363636363,FREQ_ANOMALY,count_in_2.0s=409 thresh=80
1772062244.4615612,0x100,6363636363636363,FREQ_ANOMALY,count_in_2.0s=409 thresh=80
1772062244.4667041,0x100,6363636363636363,FREQ_ANOMALY,count_in_2.0s=410 thresh=80
1772062244.4722955,0x100,6363636363636363,FREQ_ANOMALY,count_in_2.0s=409 thresh=80
1772062244.4777792,0x100,6363636363636363,FREQ_ANOMALY,count_in_2.0s=408 thresh=80
1772062244.4828823,0x100,6363636363636363,FREQ_ANOMALY,count_in_2.0s=409 thresh=80
1772062244.4884064,0x100,6363636363636363,FREQ_ANOMALY,count_in_2.0s=409 thresh=80
1772062244.4935374,0x100,0a00000000000000,FREQ_ANOMALY,count_in_2.0s=409 thresh=80
1772062244.4936743,0x100,6363636363636363,FREQ_ANOMALY,count_in_2.0s=410 thresh=80
1772062244.4991415,0x100,6363636363636363,FREQ_ANOMALY,count_in_2.0s=410 thresh=80
1772062244.504282,0x100,6363636363636363,FREQ_ANOMALY,count_in_2.0s=410 thresh=80
1772062244.5094535,0x100,6363636363636363,FREQ_ANOMALY,count_in_2.0s=410 thresh=80
1772062244.5150013,0x100,6363636363636363,FREQ_ANOMALY,count_in_2.0s=410 thresh=80
1772062244.5202804,0x100,6363636363636363,FREQ_ANOMALY,count_in_2.0s=409 thresh=80
1772062244.525852,0x100,6363636363636363,FREQ_ANOMALY,count_in_2.0s=409 thresh=80
1772062244.5310223,0x100,6363636363636363,FREQ_ANOMALY,count_in_2.0s=409 thresh=80
1772062244.5346673,0x200,0001020304050607,,
1772062244.536104,0x100,6363636363636363,FREQ_ANOMALY,count_in_2.0s=409 thresh=80
1772062244.541696,0x100,6363636363636363,FREQ_ANOMALY,count_in_2.0s=409 thresh=80
1772062244.543701,0x100,0a00000000000000,FREQ_ANOMALY,count_in_2.0s=410 thresh=80
1772062244.5904179,0x300,0101010101010101,,
1772062244.5949783,0x100,0a00000000000000,FREQ_ANOMALY,count_in_2.0s=400 thresh=80
1772062244.6365077,0x200,0001020304050607,,
1772062244.6468496,0x100,0a00000000000000,FREQ_ANOMALY,count_in_2.0s=390 thresh=80
1772062244.6980112,0x100,0a00000000000000,FREQ_ANOMALY,count_in_2.0s=381 thresh=80
1772062244.7367191,0x200,0001020304050607,,
1772062244.7491794,0x100,0a00000000000000,FREQ_ANOMALY,count_in_2.0s=372 thresh=80
1772062244.7908762,0x300,0101010101010101,,
1772062244.800031,0x100,0a00000000000000,FREQ_ANOMALY,count_in_2.0s=362 thresh=80
1772062244.8371935,0x200,0001020304050607,,
1772062244.851201,0x100,0a00000000000000,FREQ_ANOMALY,count_in_2.0s=353 thresh=80
1772062244.9014866,0x100,0a00000000000000,FREQ_ANOMALY,count_in_2.0s=343 thresh=80
1772062244.9373944,0x200,0001020304050607,,
1772062244.9522767,0x100,0a00000000000000,FREQ_ANOMALY,count_in_2.0s=334 thresh=80
1772062244.991856,0x300,0101010101010101,,
1772062245.0027885,0x100,0a00000000000000,FREQ_ANOMALY,count_in_2.0s=325 thresh=80
1772062245.0384977,0x200,0001020304050607,,
1772062245.053392,0x100,0a00000000000000,FREQ_ANOMALY,count_in_2.0s=315 thresh=80
1772062245.104236,0x100,0a00000000000000,FREQ_ANOMALY,count_in_2.0s=306 thresh=80
1772062245.1396046,0x200,0001020304050607,,
1772062245.155278,0x100,0a00000000000000,FREQ_ANOMALY,count_in_2.0s=297 thresh=80
1772062245.1921382,0x300,0101010101010101,,
1772062245.206062,0x100,0a00000000000000,FREQ_ANOMALY,count_in_2.0s=288 thresh=80
1772062245.2402232,0x200,0001020304050607,,
1772062245.2572823,0x100,0a00000000000000,FREQ_ANOMALY,count_in_2.0s=278 thresh=80
1772062245.3087654,0x100,0a00000000000000,FREQ_ANOMALY,count_in_2.0s=269 thresh=80
1772062245.340996,0x200,0001020304050607,,
1772062245.359428,0x100,0a00000000000000,FREQ_ANOMALY,count_in_2.0s=259 thresh=80
1772062245.3935068,0x300,0101010101010101,,
1772062245.4106877,0x100,0a00000000000000,FREQ_ANOMALY,count_in_2.0s=250 thresh=80
1772062245.4413579,0x200,0001020304050607,,
1772062245.4614232,0x100,0a00000000000000,FREQ_ANOMALY,count_in_2.0s=241 thresh=80
1772062245.5125096,0x100,0a00000000000000,FREQ_ANOMALY,count_in_2.0s=231 thresh=80
1772062245.541565,0x200,0001020304050607,,
1772062245.5633814,0x100,0a00000000000000,FREQ_ANOMALY,count_in_2.0s=222 thresh=80
1772062245.5949953,0x300,0101010101010101,,
1772062245.6134474,0x100,0a00000000000000,FREQ_ANOMALY,count_in_2.0s=212 thresh=80
1772062245.6430476,0x200,0001020304050607,,
1772062245.665081,0x100,0a00000000000000,FREQ_ANOMALY,count_in_2.0s=203 thresh=80
1772062245.7159104,0x100,0a00000000000000,FREQ_ANOMALY,count_in_2.0s=193 thresh=80
1772062245.7438424,0x200,0001020304050607,,
1772062245.766006,0x100,0a00000000000000,FREQ_ANOMALY,count_in_2.0s=184 thresh=80
1772062245.7953277,0x300,0101010101010101,,
1772062245.8173003,0x100,0a00000000000000,FREQ_ANOMALY,count_in_2.0s=175 thresh=80
1772062245.8449178,0x200,0001020304050607,,
1772062245.868173,0x100,0a00000000000000,FREQ_ANOMALY,count_in_2.0s=165 thresh=80
1772062245.9193873,0x100,0a00000000000000,FREQ_ANOMALY,count_in_2.0s=156 thresh=80
1772062245.9454515,0x200,0001020304050607,,
1772062245.9702485,0x100,0a00000000000000,FREQ_ANOMALY,count_in_2.0s=146 thresh=80
1772062245.9967184,0x300,0101010101010101,,
1772062246.022047,0x100,0a00000000000000,FREQ_ANOMALY,count_in_2.0s=137 thresh=80
1772062246.0462596,0x200,0001020304050607,,
